<?xml version = '1.0' encoding = 'UTF-8'?>
<Relation class="oracle.dbtools.crest.model.design.logical.Relation" name="Relation_127" directorySegmentName="seg_0" id="04C774BD-D20A-D271-28F2-FD98A08511A5">
<createdBy>marito</createdBy>
<createdTime>2021-04-15 21:16:56 UTC</createdTime>
<ownerDesignName>Hospital</ownerDesignName>
<engineerTo>
<item key="01B53C2B-8648-5538-36BC-E1D90F267C67" value="true"/>
</engineerTo>
<sourcePk>C86F8756-C563-E878-B54C-45CD7E81EE00</sourcePk>
<identifying>false</identifying>
<optionalSource>false</optionalSource>
<optionalTarget>true</optionalTarget>
<sourceCardinality>1</sourceCardinality>
<sourceEntity>FE0EAE2C-02B3-3FF0-1BF3-43C95D6C9B80</sourceEntity>
<targetCardinalityString>*</targetCardinalityString>
<targetEntity>5E1295B9-4D29-7FE1-44BD-1E63C28BBAE3</targetEntity>
<transferable>true</transferable>
<deleteRule>NO ACTION</deleteRule>
</Relation>