<?xml version = '1.0' encoding = 'UTF-8'?>
<Relation class="oracle.dbtools.crest.model.design.logical.Relation" name="Relation_50" directorySegmentName="seg_0" id="10A2DD6D-D516-5A5D-267F-44A3B4AD589D">
<createdBy>mario</createdBy>
<createdTime>2021-04-13 07:39:42 UTC</createdTime>
<ownerDesignName>Hospital</ownerDesignName>
<engineerTo>
<item key="01B53C2B-8648-5538-36BC-E1D90F267C67" value="true"/>
</engineerTo>
<sourcePk>7C33F4B4-0A90-1BB0-CB02-8B8C0360FB98</sourcePk>
<identifying>false</identifying>
<optionalSource>false</optionalSource>
<optionalTarget>false</optionalTarget>
<sourceCardinality>1</sourceCardinality>
<sourceEntity>FEE6498A-B8E9-B47B-EA73-2A0DC59D6832</sourceEntity>
<targetCardinalityString>*</targetCardinalityString>
<targetEntity>34437820-3474-6BE5-9268-81BEF8983E65</targetEntity>
<transferable>true</transferable>
<deleteRule>NO ACTION</deleteRule>
</Relation>