<?xml version = '1.0' encoding = 'UTF-8'?>
<Relation class="oracle.dbtools.crest.model.design.logical.Relation" name="Relation_25" directorySegmentName="seg_0" id="1132BCF8-0534-9C64-78A2-27E9072EBABE">
<createdBy>mario</createdBy>
<createdTime>2021-04-13 00:15:41 UTC</createdTime>
<ownerDesignName>Hospital</ownerDesignName>
<engineerTo>
<item key="01B53C2B-8648-5538-36BC-E1D90F267C67" value="true"/>
</engineerTo>
<sourcePk>51895D35-9AD0-D135-2B31-A9692E78FCFC</sourcePk>
<identifying>false</identifying>
<optionalSource>false</optionalSource>
<optionalTarget>false</optionalTarget>
<sourceCardinality>1</sourceCardinality>
<sourceEntity>775C0D82-C064-245D-4605-7F7FF044192C</sourceEntity>
<targetCardinalityString>*</targetCardinalityString>
<targetEntity>2D38B4A5-DD8B-390A-8469-6D10CDC1385A</targetEntity>
<transferable>true</transferable>
<deleteRule>NO ACTION</deleteRule>
</Relation>