<?xml version = '1.0' encoding = 'UTF-8'?>
<Relation class="oracle.dbtools.crest.model.design.logical.Relation" name="Relation_126" directorySegmentName="seg_0" id="15F18D16-BA9D-D6D2-447C-392E5AEC1E95">
<createdBy>marito</createdBy>
<createdTime>2021-04-15 18:41:58 UTC</createdTime>
<ownerDesignName>Hospital</ownerDesignName>
<engineerTo>
<item key="01B53C2B-8648-5538-36BC-E1D90F267C67" value="true"/>
</engineerTo>
<sourcePk>CCED381F-F51C-4073-C77C-0286AEDC7AE6</sourcePk>
<identifying>false</identifying>
<optionalSource>false</optionalSource>
<optionalTarget>false</optionalTarget>
<sourceCardinality>1</sourceCardinality>
<sourceEntity>08C3DCF5-4B62-3593-AD1D-C64CA4E6BB45</sourceEntity>
<targetCardinalityString>*</targetCardinalityString>
<targetEntity>581785FE-E07C-7B8D-3836-93E187DABB8D</targetEntity>
<transferable>true</transferable>
<deleteRule>NO ACTION</deleteRule>
</Relation>