<?xml version = '1.0' encoding = 'UTF-8'?>
<Relation class="oracle.dbtools.crest.model.design.logical.Relation" name="Relation_38" directorySegmentName="seg_0" id="25B34A93-164B-3A07-7E03-313CBCA8E6BA">
<createdBy>mario</createdBy>
<createdTime>2021-04-13 05:43:15 UTC</createdTime>
<ownerDesignName>Hospital</ownerDesignName>
<engineerTo>
<item key="01B53C2B-8648-5538-36BC-E1D90F267C67" value="true"/>
</engineerTo>
<sourcePk>A741E680-C3AC-AAD6-66DE-5D1E818E05A9</sourcePk>
<identifying>false</identifying>
<optionalSource>false</optionalSource>
<optionalTarget>false</optionalTarget>
<sourceCardinality>1</sourceCardinality>
<sourceEntity>BB33B44C-EC0A-2AFD-9E80-5565E083106D</sourceEntity>
<targetCardinalityString>*</targetCardinalityString>
<targetEntity>56E8FC01-1865-16EB-40EB-7A3D5046FC46</targetEntity>
<transferable>true</transferable>
<deleteRule>NO ACTION</deleteRule>
</Relation>