<?xml version = '1.0' encoding = 'UTF-8'?>
<Relation class="oracle.dbtools.crest.model.design.logical.Relation" name="Relation_60" directorySegmentName="seg_0" id="2737C1B3-BA2F-D188-C0E1-E461D2FDFC94">
<createdBy>mario</createdBy>
<createdTime>2021-04-13 08:47:36 UTC</createdTime>
<ownerDesignName>Hospital</ownerDesignName>
<engineerTo>
<item key="01B53C2B-8648-5538-36BC-E1D90F267C67" value="true"/>
</engineerTo>
<sourcePk>91E499FF-8F1D-B2A7-B0BC-46A37F29D614</sourcePk>
<identifying>false</identifying>
<optionalSource>false</optionalSource>
<optionalTarget>true</optionalTarget>
<sourceCardinality>1</sourceCardinality>
<sourceEntity>6476613A-B9F1-F1CA-9C4D-54B5BA313BB4</sourceEntity>
<targetCardinalityString>*</targetCardinalityString>
<targetEntity>D77F30E6-2288-140A-53D3-CD69AB118489</targetEntity>
<transferable>true</transferable>
<deleteRule>NO ACTION</deleteRule>
</Relation>