<?xml version = '1.0' encoding = 'UTF-8'?>
<Relation class="oracle.dbtools.crest.model.design.logical.Relation" name="Relation_85" directorySegmentName="seg_0" id="2D2CA370-6FE5-83B4-B3FE-17A05B39AE87">
<createdBy>mario</createdBy>
<createdTime>2021-04-13 09:32:27 UTC</createdTime>
<ownerDesignName>Hospital</ownerDesignName>
<engineerTo>
<item key="01B53C2B-8648-5538-36BC-E1D90F267C67" value="true"/>
</engineerTo>
<sourcePk>BF054184-8A62-F6B5-4ACC-9F9284983A6A</sourcePk>
<identifying>false</identifying>
<optionalSource>false</optionalSource>
<optionalTarget>true</optionalTarget>
<sourceCardinality>1</sourceCardinality>
<sourceEntity>018907D9-AC1C-C044-79DD-64645D6E1AD2</sourceEntity>
<targetCardinalityString>*</targetCardinalityString>
<targetEntity>47397A3D-B3C5-DD7D-1379-64AC7AB526BD</targetEntity>
<transferable>true</transferable>
<deleteRule>NO ACTION</deleteRule>
</Relation>