<?xml version = '1.0' encoding = 'UTF-8'?>
<Relation class="oracle.dbtools.crest.model.design.logical.Relation" name="Relation_72" directorySegmentName="seg_0" id="3196017C-FC37-A515-3DBC-A6F6B9F7BBB6">
<createdBy>mario</createdBy>
<createdTime>2021-04-13 09:07:02 UTC</createdTime>
<ownerDesignName>Hospital</ownerDesignName>
<engineerTo>
<item key="01B53C2B-8648-5538-36BC-E1D90F267C67" value="true"/>
</engineerTo>
<sourcePk>0B3A8C5F-498F-A8A8-101E-01D059593315</sourcePk>
<identifying>false</identifying>
<optionalSource>false</optionalSource>
<optionalTarget>true</optionalTarget>
<sourceCardinality>1</sourceCardinality>
<sourceEntity>B0533428-9653-A175-1B81-9F92BD5C9ABB</sourceEntity>
<targetCardinalityString>*</targetCardinalityString>
<targetEntity>48F07737-5711-D50E-876A-86185E303022</targetEntity>
<transferable>true</transferable>
<deleteRule>NO ACTION</deleteRule>
</Relation>