<?xml version = '1.0' encoding = 'UTF-8'?>
<Relation class="oracle.dbtools.crest.model.design.logical.Relation" name="Relation_48" directorySegmentName="seg_0" id="31C5B2F6-5578-5038-6429-369277F3E2CD">
<createdBy>mario</createdBy>
<createdTime>2021-04-13 07:25:33 UTC</createdTime>
<ownerDesignName>Hospital</ownerDesignName>
<engineerTo>
<item key="01B53C2B-8648-5538-36BC-E1D90F267C67" value="true"/>
</engineerTo>
<sourcePk>C704D658-D2AF-7A47-5B37-40CFFE8B93F4</sourcePk>
<identifying>false</identifying>
<optionalSource>false</optionalSource>
<optionalTarget>true</optionalTarget>
<sourceCardinality>1</sourceCardinality>
<sourceEntity>FDEB2A4D-63BF-3A0E-A7ED-6DC82BC62A0A</sourceEntity>
<targetCardinalityString>*</targetCardinalityString>
<targetEntity>4E9D2A64-6266-CA8B-0888-769701AC44D8</targetEntity>
<transferable>true</transferable>
<deleteRule>NO ACTION</deleteRule>
</Relation>