<?xml version = '1.0' encoding = 'UTF-8'?>
<Relation class="oracle.dbtools.crest.model.design.logical.Relation" name="Relation_31" directorySegmentName="seg_0" id="33EAD616-7218-CB73-FD44-7FD356FE76D1">
<createdBy>mario</createdBy>
<createdTime>2021-04-13 04:50:56 UTC</createdTime>
<ownerDesignName>Hospital</ownerDesignName>
<engineerTo>
<item key="01B53C2B-8648-5538-36BC-E1D90F267C67" value="true"/>
</engineerTo>
<sourcePk>A2B171B2-47EE-FD63-F67B-AFC0228390D1</sourcePk>
<identifying>false</identifying>
<optionalSource>false</optionalSource>
<optionalTarget>false</optionalTarget>
<sourceCardinality>1</sourceCardinality>
<sourceEntity>91EAF953-407A-204B-D8BE-17179C51BCDB</sourceEntity>
<targetCardinalityString>*</targetCardinalityString>
<targetEntity>8CD12CE6-7C56-388A-AC3A-CBD245E149F4</targetEntity>
<transferable>true</transferable>
<deleteRule>NO ACTION</deleteRule>
</Relation>