<?xml version = '1.0' encoding = 'UTF-8'?>
<Relation class="oracle.dbtools.crest.model.design.logical.Relation" name="Relation_34" directorySegmentName="seg_0" id="359A675C-1B01-110C-5B50-0F9CE323D27D">
<createdBy>mario</createdBy>
<createdTime>2021-04-13 05:22:18 UTC</createdTime>
<ownerDesignName>Hospital</ownerDesignName>
<engineerTo>
<item key="01B53C2B-8648-5538-36BC-E1D90F267C67" value="true"/>
</engineerTo>
<sourcePk>E149603E-5206-5DEA-9F2F-BC4D7F7B7A9D</sourcePk>
<identifying>false</identifying>
<optionalSource>false</optionalSource>
<optionalTarget>false</optionalTarget>
<sourceCardinality>1</sourceCardinality>
<sourceEntity>8CD12CE6-7C56-388A-AC3A-CBD245E149F4</sourceEntity>
<targetCardinalityString>*</targetCardinalityString>
<targetEntity>B8D9A468-F49D-5634-0EBD-259742C1B8B1</targetEntity>
<transferable>true</transferable>
<deleteRule>NO ACTION</deleteRule>
</Relation>