<?xml version = '1.0' encoding = 'UTF-8'?>
<Relation class="oracle.dbtools.crest.model.design.logical.Relation" name="Relation_42" directorySegmentName="seg_0" id="3D1B4F6E-590E-93AC-7DC2-0497CCF7B754">
<createdBy>mario</createdBy>
<createdTime>2021-04-13 06:37:42 UTC</createdTime>
<ownerDesignName>Hospital</ownerDesignName>
<engineerTo>
<item key="01B53C2B-8648-5538-36BC-E1D90F267C67" value="true"/>
</engineerTo>
<sourcePk>D9155A08-9C58-4BA1-EC80-F68592822B0E</sourcePk>
<identifying>false</identifying>
<optionalSource>false</optionalSource>
<optionalTarget>true</optionalTarget>
<sourceCardinality>1</sourceCardinality>
<sourceEntity>BDBB77C0-ED92-410B-D65B-BC7EAAC88563</sourceEntity>
<targetCardinalityString>*</targetCardinalityString>
<targetEntity>FDEB2A4D-63BF-3A0E-A7ED-6DC82BC62A0A</targetEntity>
<transferable>true</transferable>
<deleteRule>NO ACTION</deleteRule>
</Relation>