<?xml version = '1.0' encoding = 'UTF-8'?>
<Relation class="oracle.dbtools.crest.model.design.logical.Relation" name="Relation_79" directorySegmentName="seg_0" id="3EEC98BE-D9B9-A81E-00B6-ABFF77DEB775">
<createdBy>mario</createdBy>
<createdTime>2021-04-13 09:20:46 UTC</createdTime>
<ownerDesignName>Hospital</ownerDesignName>
<engineerTo>
<item key="01B53C2B-8648-5538-36BC-E1D90F267C67" value="true"/>
</engineerTo>
<sourcePk>BF054184-8A62-F6B5-4ACC-9F9284983A6A</sourcePk>
<targetPk>0B3A8C5F-498F-A8A8-101E-01D059593315</targetPk>
<identifying>false</identifying>
<optionalSource>false</optionalSource>
<optionalTarget>false</optionalTarget>
<sourceCardinality>1</sourceCardinality>
<sourceEntity>018907D9-AC1C-C044-79DD-64645D6E1AD2</sourceEntity>
<targetCardinalityString>1</targetCardinalityString>
<targetEntity>B0533428-9653-A175-1B81-9F92BD5C9ABB</targetEntity>
<transferable>true</transferable>
<deleteRule>NO ACTION</deleteRule>
</Relation>