<?xml version = '1.0' encoding = 'UTF-8'?>
<Relation class="oracle.dbtools.crest.model.design.logical.Relation" name="Relation_40" directorySegmentName="seg_0" id="4B7F144D-E490-EBC0-3B02-3873EF1A4AE0">
<createdBy>mario</createdBy>
<createdTime>2021-04-13 05:45:46 UTC</createdTime>
<ownerDesignName>Hospital</ownerDesignName>
<engineerTo>
<item key="01B53C2B-8648-5538-36BC-E1D90F267C67" value="true"/>
</engineerTo>
<sourcePk>93081C08-81C7-DD78-EA58-0EE4CE472943</sourcePk>
<identifying>false</identifying>
<optionalSource>false</optionalSource>
<optionalTarget>false</optionalTarget>
<sourceCardinality>1</sourceCardinality>
<sourceEntity>2C538D33-7E56-604F-1118-F11F39C961C2</sourceEntity>
<targetCardinalityString>*</targetCardinalityString>
<targetEntity>BB33B44C-EC0A-2AFD-9E80-5565E083106D</targetEntity>
<transferable>true</transferable>
<deleteRule>NO ACTION</deleteRule>
</Relation>