<?xml version = '1.0' encoding = 'UTF-8'?>
<Relation class="oracle.dbtools.crest.model.design.logical.Relation" name="Relation_81" directorySegmentName="seg_0" id="52452DF4-F3F9-64AD-DBB7-0E45AAAB8141">
<createdBy>mario</createdBy>
<createdTime>2021-04-13 09:29:11 UTC</createdTime>
<ownerDesignName>Hospital</ownerDesignName>
<engineerTo>
<item key="01B53C2B-8648-5538-36BC-E1D90F267C67" value="true"/>
</engineerTo>
<sourcePk>0E204A6E-AD88-5479-77AC-ECE12397E394</sourcePk>
<identifying>false</identifying>
<optionalSource>false</optionalSource>
<optionalTarget>true</optionalTarget>
<sourceCardinality>1</sourceCardinality>
<sourceEntity>EE3F0AE8-0061-DF7F-713D-BE46416598B5</sourceEntity>
<targetCardinalityString>*</targetCardinalityString>
<targetEntity>47397A3D-B3C5-DD7D-1379-64AC7AB526BD</targetEntity>
<transferable>true</transferable>
<deleteRule>NO ACTION</deleteRule>
</Relation>