<?xml version = '1.0' encoding = 'UTF-8'?>
<Relation class="oracle.dbtools.crest.model.design.logical.Relation" name="Relation_24" directorySegmentName="seg_0" id="585E4C3E-4879-60CB-D8AC-2DD821726897">
<createdBy>mario</createdBy>
<createdTime>2021-04-12 23:23:08 UTC</createdTime>
<ownerDesignName>Hospital</ownerDesignName>
<engineerTo>
<item key="01B53C2B-8648-5538-36BC-E1D90F267C67" value="true"/>
</engineerTo>
<sourcePk>62C5ADDF-21D0-33AF-3EAA-91931ED4C1E9</sourcePk>
<targetPk>EC8CC108-82AB-C9AD-FE04-5CC6BC6B6BEB</targetPk>
<identifying>false</identifying>
<optionalSource>false</optionalSource>
<optionalTarget>true</optionalTarget>
<sourceCardinality>1</sourceCardinality>
<sourceEntity>0579DE4E-2A03-DE4B-62A7-08E3D8F72ED1</sourceEntity>
<targetCardinalityString>1</targetCardinalityString>
<targetEntity>581785FE-E07C-7B8D-3836-93E187DABB8D</targetEntity>
<transferable>true</transferable>
<deleteRule>NO ACTION</deleteRule>
</Relation>