<?xml version = '1.0' encoding = 'UTF-8'?>
<Relation class="oracle.dbtools.crest.model.design.logical.Relation" name="Relation_36" directorySegmentName="seg_0" id="58EBA4B6-59B0-11EE-F1F2-F1A6FA7D8979">
<createdBy>mario</createdBy>
<createdTime>2021-04-13 05:40:02 UTC</createdTime>
<ownerDesignName>Hospital</ownerDesignName>
<engineerTo>
<item key="01B53C2B-8648-5538-36BC-E1D90F267C67" value="true"/>
</engineerTo>
<sourcePk>61A84D29-AF71-4F4C-4DD3-9B3248C592EC</sourcePk>
<targetPk>A741E680-C3AC-AAD6-66DE-5D1E818E05A9</targetPk>
<identifying>false</identifying>
<optionalSource>false</optionalSource>
<optionalTarget>true</optionalTarget>
<sourceCardinality>1</sourceCardinality>
<sourceEntity>B8D9A468-F49D-5634-0EBD-259742C1B8B1</sourceEntity>
<targetCardinalityString>1</targetCardinalityString>
<targetEntity>BB33B44C-EC0A-2AFD-9E80-5565E083106D</targetEntity>
<transferable>true</transferable>
<deleteRule>NO ACTION</deleteRule>
</Relation>