<?xml version = '1.0' encoding = 'UTF-8'?>
<Relation class="oracle.dbtools.crest.model.design.logical.Relation" name="Relation_62" directorySegmentName="seg_0" id="665B99C2-CD5F-5277-B049-1AD10C98CFB7">
<createdBy>mario</createdBy>
<createdTime>2021-04-13 08:49:14 UTC</createdTime>
<ownerDesignName>Hospital</ownerDesignName>
<engineerTo>
<item key="01B53C2B-8648-5538-36BC-E1D90F267C67" value="true"/>
</engineerTo>
<sourcePk>91E499FF-8F1D-B2A7-B0BC-46A37F29D614</sourcePk>
<identifying>false</identifying>
<optionalSource>false</optionalSource>
<optionalTarget>true</optionalTarget>
<sourceCardinality>1</sourceCardinality>
<sourceEntity>6476613A-B9F1-F1CA-9C4D-54B5BA313BB4</sourceEntity>
<targetCardinalityString>*</targetCardinalityString>
<targetEntity>06B68DD2-353B-3233-2AB2-07CDF062824B</targetEntity>
<transferable>true</transferable>
<deleteRule>NO ACTION</deleteRule>
</Relation>