<?xml version = '1.0' encoding = 'UTF-8'?>
<Relation class="oracle.dbtools.crest.model.design.logical.Relation" name="Relation_9" directorySegmentName="seg_0" id="705039EA-503E-34BB-0598-D718FDD41BFF">
<createdBy>mario</createdBy>
<createdTime>2021-04-10 18:17:17 UTC</createdTime>
<ownerDesignName>Hospital</ownerDesignName>
<engineerTo>
<item key="01B53C2B-8648-5538-36BC-E1D90F267C67" value="true"/>
</engineerTo>
<sourcePk>51895D35-9AD0-D135-2B31-A9692E78FCFC</sourcePk>
<identifying>false</identifying>
<optionalSource>false</optionalSource>
<optionalTarget>true</optionalTarget>
<sourceCardinality>1</sourceCardinality>
<sourceEntity>775C0D82-C064-245D-4605-7F7FF044192C</sourceEntity>
<targetCardinalityString>*</targetCardinalityString>
<targetEntity>0C6C1643-ED10-A857-6618-6D48449ACD12</targetEntity>
<transferable>true</transferable>
<deleteRule>NO ACTION</deleteRule>
</Relation>