<?xml version = '1.0' encoding = 'UTF-8'?>
<Relation class="oracle.dbtools.crest.model.design.logical.Relation" name="Relation_30" directorySegmentName="seg_0" id="7064D180-8F69-BB23-02A3-A543AD82E5BE">
<createdBy>mario</createdBy>
<createdTime>2021-04-13 04:44:57 UTC</createdTime>
<ownerDesignName>Hospital</ownerDesignName>
<engineerTo>
<item key="01B53C2B-8648-5538-36BC-E1D90F267C67" value="true"/>
</engineerTo>
<sourcePk>CCED381F-F51C-4073-C77C-0286AEDC7AE6</sourcePk>
<targetPk>E149603E-5206-5DEA-9F2F-BC4D7F7B7A9D</targetPk>
<identifying>false</identifying>
<optionalSource>false</optionalSource>
<optionalTarget>true</optionalTarget>
<sourceCardinality>1</sourceCardinality>
<sourceEntity>08C3DCF5-4B62-3593-AD1D-C64CA4E6BB45</sourceEntity>
<targetCardinalityString>1</targetCardinalityString>
<targetEntity>8CD12CE6-7C56-388A-AC3A-CBD245E149F4</targetEntity>
<transferable>true</transferable>
<deleteRule>NO ACTION</deleteRule>
</Relation>