<?xml version = '1.0' encoding = 'UTF-8'?>
<Relation class="oracle.dbtools.crest.model.design.logical.Relation" name="Relation_23" directorySegmentName="seg_0" id="74DF6ADC-640A-5F78-7CEC-743D6F1C93D9">
<createdBy>mario</createdBy>
<createdTime>2021-04-12 23:17:08 UTC</createdTime>
<ownerDesignName>Hospital</ownerDesignName>
<engineerTo>
<item key="01B53C2B-8648-5538-36BC-E1D90F267C67" value="true"/>
</engineerTo>
<sourcePk>AA84344C-105B-6042-F457-31B1E83C4FFA</sourcePk>
<identifying>false</identifying>
<optionalSource>false</optionalSource>
<optionalTarget>false</optionalTarget>
<sourceCardinality>1</sourceCardinality>
<sourceEntity>AADC228E-442A-B642-6880-E3E489DF05AB</sourceEntity>
<targetCardinalityString>*</targetCardinalityString>
<targetEntity>F3DD266B-4FB7-AED6-6B56-A84C9271FF5E</targetEntity>
<transferable>true</transferable>
<deleteRule>NO ACTION</deleteRule>
</Relation>