<?xml version = '1.0' encoding = 'UTF-8'?>
<Relation class="oracle.dbtools.crest.model.design.logical.Relation" name="Relation_61" directorySegmentName="seg_0" id="7CCD4335-A7EA-B34E-C7EA-5571236A3E19">
<createdBy>mario</createdBy>
<createdTime>2021-04-13 08:48:51 UTC</createdTime>
<ownerDesignName>Hospital</ownerDesignName>
<engineerTo>
<item key="01B53C2B-8648-5538-36BC-E1D90F267C67" value="true"/>
</engineerTo>
<sourcePk>EF38DCC7-2F3B-6017-2FFD-DC222671ACDC</sourcePk>
<identifying>false</identifying>
<optionalSource>false</optionalSource>
<optionalTarget>true</optionalTarget>
<sourceCardinality>1</sourceCardinality>
<sourceEntity>5E1295B9-4D29-7FE1-44BD-1E63C28BBAE3</sourceEntity>
<targetCardinalityString>*</targetCardinalityString>
<targetEntity>06B68DD2-353B-3233-2AB2-07CDF062824B</targetEntity>
<transferable>true</transferable>
<deleteRule>NO ACTION</deleteRule>
</Relation>