<?xml version = '1.0' encoding = 'UTF-8'?>
<Relation class="oracle.dbtools.crest.model.design.logical.Relation" name="Relation_54" directorySegmentName="seg_0" id="7F75A217-00F2-50E1-CEE3-73CDA867597F">
<createdBy>mario</createdBy>
<createdTime>2021-04-13 08:08:20 UTC</createdTime>
<ownerDesignName>Hospital</ownerDesignName>
<engineerTo>
<item key="01B53C2B-8648-5538-36BC-E1D90F267C67" value="true"/>
</engineerTo>
<sourcePk>91E499FF-8F1D-B2A7-B0BC-46A37F29D614</sourcePk>
<identifying>false</identifying>
<optionalSource>true</optionalSource>
<optionalTarget>false</optionalTarget>
<sourceCardinality>1</sourceCardinality>
<sourceEntity>6476613A-B9F1-F1CA-9C4D-54B5BA313BB4</sourceEntity>
<targetCardinalityString>1</targetCardinalityString>
<targetEntity>0579DE4E-2A03-DE4B-62A7-08E3D8F72ED1</targetEntity>
<transferable>true</transferable>
<deleteRule>NO ACTION</deleteRule>
</Relation>