<?xml version = '1.0' encoding = 'UTF-8'?>
<Relation class="oracle.dbtools.crest.model.design.logical.Relation" name="Relation_6" directorySegmentName="seg_0" id="805476AE-1FE8-EF8B-5033-309A5D2CDC1A">
<createdBy>mario</createdBy>
<createdTime>2021-04-10 17:17:56 UTC</createdTime>
<ownerDesignName>Hospital</ownerDesignName>
<engineerTo>
<item key="01B53C2B-8648-5538-36BC-E1D90F267C67" value="true"/>
</engineerTo>
<sourcePk>D9155A08-9C58-4BA1-EC80-F68592822B0E</sourcePk>
<identifying>false</identifying>
<nameOnSource>persona</nameOnSource>
<optionalSource>true</optionalSource>
<optionalTarget>false</optionalTarget>
<sourceCardinality>1</sourceCardinality>
<sourceEntity>BDBB77C0-ED92-410B-D65B-BC7EAAC88563</sourceEntity>
<targetCardinalityString>1</targetCardinalityString>
<targetEntity>9E276E6B-0511-0E75-8E63-D742E069492A</targetEntity>
<transferable>true</transferable>
<deleteRule>NO ACTION</deleteRule>
</Relation>