<?xml version = '1.0' encoding = 'UTF-8'?>
<Relation class="oracle.dbtools.crest.model.design.logical.Relation" name="Relation_75" directorySegmentName="seg_0" id="83D2C8B2-A11D-F733-6B87-3F95BECD28BF">
<createdBy>mario</createdBy>
<createdTime>2021-04-13 09:12:44 UTC</createdTime>
<ownerDesignName>Hospital</ownerDesignName>
<engineerTo>
<item key="01B53C2B-8648-5538-36BC-E1D90F267C67" value="true"/>
</engineerTo>
<sourcePk>0B3A8C5F-498F-A8A8-101E-01D059593315</sourcePk>
<identifying>false</identifying>
<optionalSource>false</optionalSource>
<optionalTarget>true</optionalTarget>
<sourceCardinality>1</sourceCardinality>
<sourceEntity>B0533428-9653-A175-1B81-9F92BD5C9ABB</sourceEntity>
<targetCardinalityString>*</targetCardinalityString>
<targetEntity>6BC5AA11-9A73-AB0D-228F-E26949259C52</targetEntity>
<transferable>true</transferable>
<deleteRule>NO ACTION</deleteRule>
</Relation>