<?xml version = '1.0' encoding = 'UTF-8'?>
<Relation class="oracle.dbtools.crest.model.design.logical.Relation" name="Relation_41" directorySegmentName="seg_0" id="87B5DA2C-541E-6EAD-7552-3AD46A24BC1B">
<createdBy>mario</createdBy>
<createdTime>2021-04-13 06:21:18 UTC</createdTime>
<ownerDesignName>Hospital</ownerDesignName>
<engineerTo>
<item key="01B53C2B-8648-5538-36BC-E1D90F267C67" value="true"/>
</engineerTo>
<sourcePk>CCED381F-F51C-4073-C77C-0286AEDC7AE6</sourcePk>
<identifying>false</identifying>
<optionalSource>false</optionalSource>
<optionalTarget>false</optionalTarget>
<sourceCardinality>1</sourceCardinality>
<sourceEntity>08C3DCF5-4B62-3593-AD1D-C64CA4E6BB45</sourceEntity>
<targetCardinalityString>*</targetCardinalityString>
<targetEntity>9BB0194F-5869-5AB8-C9C5-C3B0181584AD</targetEntity>
<transferable>true</transferable>
<deleteRule>NO ACTION</deleteRule>
</Relation>