<?xml version = '1.0' encoding = 'UTF-8'?>
<Relation class="oracle.dbtools.crest.model.design.logical.Relation" name="Relation_43" directorySegmentName="seg_0" id="8D7D433A-3BDB-B151-41FC-D97C67776CD5">
<createdBy>mario</createdBy>
<createdTime>2021-04-13 06:39:03 UTC</createdTime>
<ownerDesignName>Hospital</ownerDesignName>
<engineerTo>
<item key="01B53C2B-8648-5538-36BC-E1D90F267C67" value="true"/>
</engineerTo>
<sourcePk>C704D658-D2AF-7A47-5B37-40CFFE8B93F4</sourcePk>
<identifying>false</identifying>
<optionalSource>true</optionalSource>
<optionalTarget>false</optionalTarget>
<sourceCardinality>1</sourceCardinality>
<sourceEntity>FDEB2A4D-63BF-3A0E-A7ED-6DC82BC62A0A</sourceEntity>
<targetCardinalityString>1</targetCardinalityString>
<targetEntity>0579DE4E-2A03-DE4B-62A7-08E3D8F72ED1</targetEntity>
<transferable>true</transferable>
<deleteRule>NO ACTION</deleteRule>
</Relation>