<?xml version = '1.0' encoding = 'UTF-8'?>
<Relation class="oracle.dbtools.crest.model.design.logical.Relation" name="Relation_124" directorySegmentName="seg_0" id="A81E31DB-20B1-C80E-EDA1-AA9FE929EE8E">
<createdBy>marito</createdBy>
<createdTime>2021-04-15 17:51:17 UTC</createdTime>
<ownerDesignName>Hospital</ownerDesignName>
<engineerTo>
<item key="01B53C2B-8648-5538-36BC-E1D90F267C67" value="true"/>
</engineerTo>
<sourcePk>D1384342-D8DF-1C88-499A-560B20DDBE11</sourcePk>
<identifying>false</identifying>
<optionalSource>true</optionalSource>
<optionalTarget>false</optionalTarget>
<sourceCardinality>1</sourceCardinality>
<sourceEntity>3C24581D-62DB-6C51-B041-F9AF20B550A7</sourceEntity>
<targetCardinalityString>*</targetCardinalityString>
<targetEntity>0579DE4E-2A03-DE4B-62A7-08E3D8F72ED1</targetEntity>
<transferable>true</transferable>
<deleteRule>NO ACTION</deleteRule>
</Relation>