<?xml version = '1.0' encoding = 'UTF-8'?>
<Relation class="oracle.dbtools.crest.model.design.logical.Relation" name="Relation_13" directorySegmentName="seg_0" id="B8F42087-3F5E-B112-DDE1-50F3020F7B88">
<createdBy>mario</createdBy>
<createdTime>2021-04-12 06:25:22 UTC</createdTime>
<ownerDesignName>Hospital</ownerDesignName>
<engineerTo>
<item key="01B53C2B-8648-5538-36BC-E1D90F267C67" value="true"/>
</engineerTo>
<sourcePk>51895D35-9AD0-D135-2B31-A9692E78FCFC</sourcePk>
<identifying>false</identifying>
<optionalSource>false</optionalSource>
<optionalTarget>false</optionalTarget>
<sourceCardinality>1</sourceCardinality>
<sourceEntity>775C0D82-C064-245D-4605-7F7FF044192C</sourceEntity>
<targetCardinalityString>*</targetCardinalityString>
<targetEntity>0579DE4E-2A03-DE4B-62A7-08E3D8F72ED1</targetEntity>
<transferable>true</transferable>
<deleteRule>NO ACTION</deleteRule>
</Relation>