<?xml version = '1.0' encoding = 'UTF-8'?>
<Relation class="oracle.dbtools.crest.model.design.logical.Relation" name="Relation_49" directorySegmentName="seg_0" id="E13C1CEA-D5DE-92F3-768D-24910107531C">
<createdBy>mario</createdBy>
<createdTime>2021-04-13 07:39:05 UTC</createdTime>
<ownerDesignName>Hospital</ownerDesignName>
<engineerTo>
<item key="01B53C2B-8648-5538-36BC-E1D90F267C67" value="true"/>
</engineerTo>
<sourcePk>C704D658-D2AF-7A47-5B37-40CFFE8B93F4</sourcePk>
<identifying>false</identifying>
<optionalSource>false</optionalSource>
<optionalTarget>false</optionalTarget>
<sourceCardinality>1</sourceCardinality>
<sourceEntity>FDEB2A4D-63BF-3A0E-A7ED-6DC82BC62A0A</sourceEntity>
<targetCardinalityString>*</targetCardinalityString>
<targetEntity>34437820-3474-6BE5-9268-81BEF8983E65</targetEntity>
<transferable>true</transferable>
<deleteRule>NO ACTION</deleteRule>
</Relation>