<?xml version = '1.0' encoding = 'UTF-8'?>
<Relation class="oracle.dbtools.crest.model.design.logical.Relation" name="Relation_46" directorySegmentName="seg_0" id="E9128822-6EAC-1D73-A3A2-7F3CCD4C03F0">
<createdBy>mario</createdBy>
<createdTime>2021-04-13 07:16:12 UTC</createdTime>
<ownerDesignName>Hospital</ownerDesignName>
<engineerTo>
<item key="01B53C2B-8648-5538-36BC-E1D90F267C67" value="true"/>
</engineerTo>
<sourcePk>C704D658-D2AF-7A47-5B37-40CFFE8B93F4</sourcePk>
<identifying>false</identifying>
<optionalSource>false</optionalSource>
<optionalTarget>true</optionalTarget>
<sourceCardinality>1</sourceCardinality>
<sourceEntity>FDEB2A4D-63BF-3A0E-A7ED-6DC82BC62A0A</sourceEntity>
<targetCardinalityString>*</targetCardinalityString>
<targetEntity>A1D17660-79A3-543F-CBF7-D90AD1E2B74C</targetEntity>
<transferable>true</transferable>
<deleteRule>NO ACTION</deleteRule>
</Relation>