<?xml version = '1.0' encoding = 'UTF-8'?>
<Entity class="oracle.dbtools.crest.model.design.logical.Entity" directorySegmentName="seg_0" id="0860CAEE-5ABF-83D7-6432-B11BF9896332" name="SintomaGeneral">
<createdBy>mario</createdBy>
<createdTime>2021-04-13 08:59:49 UTC</createdTime>
<ownerDesignName>Hospital</ownerDesignName>
<engineerTo>
<item key="01B53C2B-8648-5538-36BC-E1D90F267C67" value="true"/>
</engineerTo>
<adequatelyNormalized>NO</adequatelyNormalized>
<expectedVolumes>0</expectedVolumes>
<fwdEngineeringStrategyName>Single Table</fwdEngineeringStrategyName>
<growthPercent>0</growthPercent>
<growthType>Year</growthType>
<maxVolumes>9999999</maxVolumes>
<minVolumes>0</minVolumes>
<normalForm>Third</normalForm>
<attributes itemClass="oracle.dbtools.crest.model.design.logical.Attribute">
<Attribute name="sintoma" id="E946AA32-CC52-5F77-4E16-6B619EDF8702">
<createdBy>mario</createdBy>
<createdTime>2021-04-13 08:59:58 UTC</createdTime>
<ownerDesignName>Hospital</ownerDesignName>
<engineerTo>
<item key="01B53C2B-8648-5538-36BC-E1D90F267C67" value="true"/>
</engineerTo>
<useDomainConstraints>false</useDomainConstraints>
<use>1</use>
<logicalDatatype>LOGDT024</logicalDatatype>
<ownDataTypeParameters>,,</ownDataTypeParameters>
</Attribute>
<Attribute name="interrogatorio" id="310FF48E-464B-5C11-8D1A-BF6C0A87C475">
<createdBy>mario</createdBy>
<createdTime>2021-04-13 09:00:06 UTC</createdTime>
<ownerDesignName>Hospital</ownerDesignName>
<engineerTo>
<item key="01B53C2B-8648-5538-36BC-E1D90F267C67" value="true"/>
</engineerTo>
<useDomainConstraints>false</useDomainConstraints>
<use>1</use>
<logicalDatatype>LOGDT011</logicalDatatype>
<ownDataTypeParameters>,,</ownDataTypeParameters>
</Attribute>
<Attribute name="cirugia" id="1FF8751A-9F3E-A5D0-7CCE-DE6D6491573C">
<createdBy>mario</createdBy>
<createdTime>2021-04-13 09:00:33 UTC</createdTime>
<generatorID>03398A9F-9493-0F95-BCCE-387EE4BE5104</generatorID>
<ownerDesignName>Hospital</ownerDesignName>
<engineerTo>
<item key="01B53C2B-8648-5538-36BC-E1D90F267C67" value="true"/>
</engineerTo>
<nullsAllowed>true</nullsAllowed>
<referedAttribute>6A7644B9-7F2B-6E2D-614D-A49ABEFCCF73</referedAttribute>
<useDomainConstraints>false</useDomainConstraints>
<use>1</use>
<logicalDatatype>LOGDT011</logicalDatatype>
<ownDataTypeParameters>,,</ownDataTypeParameters>
</Attribute>
</attributes>
<identifiers itemClass="oracle.dbtools.crest.model.design.logical.CandidateKey">
<identifier id="E7766035-B0FE-7C79-6D34-F0915B0EAF55" name="SintomaGeneral PK">
<createdBy>mario</createdBy>
<createdTime>2021-04-13 09:00:05 UTC</createdTime>
<ownerDesignName>Hospital</ownerDesignName>
<engineerTo>
<item key="01B53C2B-8648-5538-36BC-E1D90F267C67" value="true"/>
</engineerTo>
<pk>true</pk>
<usedAttributes>
<attributeRef>E946AA32-CC52-5F77-4E16-6B619EDF8702</attributeRef>
<attributeRef>310FF48E-464B-5C11-8D1A-BF6C0A87C475</attributeRef>
</usedAttributes>
</identifier>
</identifiers>
</Entity>