<?xml version = '1.0' encoding = 'UTF-8'?>
<Entity class="oracle.dbtools.crest.model.design.logical.Entity" directorySegmentName="seg_0" id="227FFCBD-4429-6EF6-F9EA-7D4CF5CEA24B" name="Patologia">
<createdBy>mario</createdBy>
<createdTime>2021-04-13 07:07:00 UTC</createdTime>
<ownerDesignName>Hospital</ownerDesignName>
<engineerTo>
<item key="01B53C2B-8648-5538-36BC-E1D90F267C67" value="true"/>
</engineerTo>
<adequatelyNormalized>NO</adequatelyNormalized>
<expectedVolumes>0</expectedVolumes>
<fwdEngineeringStrategyName>Single Table</fwdEngineeringStrategyName>
<growthPercent>0</growthPercent>
<growthType>Year</growthType>
<maxVolumes>9999999</maxVolumes>
<minVolumes>0</minVolumes>
<normalForm>Third</normalForm>
<attributes itemClass="oracle.dbtools.crest.model.design.logical.Attribute">
<Attribute name="paciente_emergencia" id="C4C2F847-6207-461F-B39C-4B3BE2B04B28">
<createdBy>mario</createdBy>
<createdTime>2021-04-13 07:07:09 UTC</createdTime>
<ownerDesignName>Hospital</ownerDesignName>
<engineerTo>
<item key="01B53C2B-8648-5538-36BC-E1D90F267C67" value="true"/>
</engineerTo>
<useDomainConstraints>false</useDomainConstraints>
<use>1</use>
<logicalDatatype>LOGDT011</logicalDatatype>
<ownDataTypeParameters>,,</ownDataTypeParameters>
</Attribute>
<Attribute name="informacion" id="86E1D16E-995D-74AA-21AF-6C56E1D69B6F">
<createdBy>mario</createdBy>
<createdTime>2021-04-13 07:07:18 UTC</createdTime>
<ownerDesignName>Hospital</ownerDesignName>
<engineerTo>
<item key="01B53C2B-8648-5538-36BC-E1D90F267C67" value="true"/>
</engineerTo>
<useDomainConstraints>false</useDomainConstraints>
<use>1</use>
<logicalDatatype>LOGDT024</logicalDatatype>
<dataTypeSize>100</dataTypeSize>
<ownDataTypeParameters>100,,</ownDataTypeParameters>
</Attribute>
<Attribute name="id" id="3E34AC9F-A3B1-1AE0-1082-C04858FFF42B">
<createdBy>mario</createdBy>
<createdTime>2021-04-13 07:11:50 UTC</createdTime>
<generatorID>E08AA7CA-A6F5-C78F-CCF8-EA9FDCDDC48D</generatorID>
<ownerDesignName>Hospital</ownerDesignName>
<engineerTo>
<item key="01B53C2B-8648-5538-36BC-E1D90F267C67" value="true"/>
</engineerTo>
<nullsAllowed>true</nullsAllowed>
<referedAttribute>4140CB34-5244-9266-A817-AF8BAB9787B2</referedAttribute>
<useDomainConstraints>false</useDomainConstraints>
<use>1</use>
<logicalDatatype>LOGDT011</logicalDatatype>
<ownDataTypeParameters>,,</ownDataTypeParameters>
</Attribute>
</attributes>
<identifiers itemClass="oracle.dbtools.crest.model.design.logical.CandidateKey">
<identifier id="EAC4B8F9-A3C5-077F-F271-A39BF3693530" name="Patologia PK">
<createdBy>mario</createdBy>
<createdTime>2021-04-13 07:08:40 UTC</createdTime>
<ownerDesignName>Hospital</ownerDesignName>
<engineerTo>
<item key="01B53C2B-8648-5538-36BC-E1D90F267C67" value="true"/>
</engineerTo>
<pk>true</pk>
<usedAttributes>
<attributeRef>C4C2F847-6207-461F-B39C-4B3BE2B04B28</attributeRef>
<attributeRef>86E1D16E-995D-74AA-21AF-6C56E1D69B6F</attributeRef>
</usedAttributes>
</identifier>
</identifiers>
</Entity>