<?xml version = '1.0' encoding = 'UTF-8'?>
<Entity class="oracle.dbtools.crest.model.design.logical.Entity" directorySegmentName="seg_0" id="24896BA9-AA39-7029-3051-936AC58F8ACE" name="AntecedenteHeredofamiliar">
<createdBy>mario</createdBy>
<createdTime>2021-04-13 08:53:57 UTC</createdTime>
<ownerDesignName>Hospital</ownerDesignName>
<engineerTo>
<item key="01B53C2B-8648-5538-36BC-E1D90F267C67" value="true"/>
</engineerTo>
<adequatelyNormalized>NO</adequatelyNormalized>
<expectedVolumes>0</expectedVolumes>
<fwdEngineeringStrategyName>Single Table</fwdEngineeringStrategyName>
<growthPercent>0</growthPercent>
<growthType>Year</growthType>
<maxVolumes>9999999</maxVolumes>
<minVolumes>0</minVolumes>
<normalForm>Third</normalForm>
<attributes itemClass="oracle.dbtools.crest.model.design.logical.Attribute">
<Attribute name="antecedente" id="5376C2C3-E6C1-D779-9F96-9A166822F5CE">
<createdBy>mario</createdBy>
<createdTime>2021-04-13 08:54:09 UTC</createdTime>
<ownerDesignName>Hospital</ownerDesignName>
<engineerTo>
<item key="01B53C2B-8648-5538-36BC-E1D90F267C67" value="true"/>
</engineerTo>
<useDomainConstraints>false</useDomainConstraints>
<use>1</use>
<logicalDatatype>LOGDT024</logicalDatatype>
<dataTypeSize>50</dataTypeSize>
<ownDataTypeParameters>50,,</ownDataTypeParameters>
</Attribute>
<Attribute name="interrogatorio" id="99B1BC16-AAD7-6D30-0518-97A1A5773E78">
<createdBy>mario</createdBy>
<createdTime>2021-04-13 08:54:42 UTC</createdTime>
<ownerDesignName>Hospital</ownerDesignName>
<engineerTo>
<item key="01B53C2B-8648-5538-36BC-E1D90F267C67" value="true"/>
</engineerTo>
<useDomainConstraints>false</useDomainConstraints>
<use>1</use>
<ownDataTypeParameters>,,</ownDataTypeParameters>
</Attribute>
<Attribute name="cirugia" id="BA599389-C1C3-8EB0-CE6B-F5311C4C4342">
<createdBy>mario</createdBy>
<createdTime>2021-04-13 08:56:04 UTC</createdTime>
<generatorID>C3DCB77E-2A11-027E-B829-C3051F20508D</generatorID>
<ownerDesignName>Hospital</ownerDesignName>
<engineerTo>
<item key="01B53C2B-8648-5538-36BC-E1D90F267C67" value="true"/>
</engineerTo>
<nullsAllowed>true</nullsAllowed>
<referedAttribute>6A7644B9-7F2B-6E2D-614D-A49ABEFCCF73</referedAttribute>
<useDomainConstraints>false</useDomainConstraints>
<use>1</use>
<logicalDatatype>LOGDT011</logicalDatatype>
<ownDataTypeParameters>,,</ownDataTypeParameters>
</Attribute>
</attributes>
<identifiers itemClass="oracle.dbtools.crest.model.design.logical.CandidateKey">
<identifier id="D1E47307-8E03-8509-4F44-DDB64EA02313" name="AntecedenteHeredofamiliar PK">
<createdBy>mario</createdBy>
<createdTime>2021-04-13 08:54:14 UTC</createdTime>
<ownerDesignName>Hospital</ownerDesignName>
<engineerTo>
<item key="01B53C2B-8648-5538-36BC-E1D90F267C67" value="true"/>
</engineerTo>
<pk>true</pk>
<usedAttributes>
<attributeRef>5376C2C3-E6C1-D779-9F96-9A166822F5CE</attributeRef>
<attributeRef>99B1BC16-AAD7-6D30-0518-97A1A5773E78</attributeRef>
</usedAttributes>
</identifier>
</identifiers>
</Entity>