<?xml version = '1.0' encoding = 'UTF-8'?>
<Entity class="oracle.dbtools.crest.model.design.logical.Entity" directorySegmentName="seg_0" id="334E2DC4-5A29-8648-7D4C-19560D1295C7" name="ExplorcionColumna">
<createdBy>mario</createdBy>
<createdTime>2021-04-13 09:14:41 UTC</createdTime>
<ownerDesignName>Hospital</ownerDesignName>
<engineerTo>
<item key="01B53C2B-8648-5538-36BC-E1D90F267C67" value="true"/>
</engineerTo>
<adequatelyNormalized>NO</adequatelyNormalized>
<expectedVolumes>0</expectedVolumes>
<fwdEngineeringStrategyName>Single Table</fwdEngineeringStrategyName>
<growthPercent>0</growthPercent>
<growthType>Year</growthType>
<maxVolumes>9999999</maxVolumes>
<minVolumes>0</minVolumes>
<normalForm>Third</normalForm>
<attributes itemClass="oracle.dbtools.crest.model.design.logical.Attribute">
<Attribute name="dato_encontrado" id="19BC2536-DDEC-285C-A420-8C378B8BF267">
<createdBy>mario</createdBy>
<createdTime>2021-04-13 09:14:49 UTC</createdTime>
<ownerDesignName>Hospital</ownerDesignName>
<engineerTo>
<item key="01B53C2B-8648-5538-36BC-E1D90F267C67" value="true"/>
</engineerTo>
<useDomainConstraints>false</useDomainConstraints>
<use>1</use>
<logicalDatatype>LOGDT024</logicalDatatype>
<dataTypeSize>50</dataTypeSize>
<ownDataTypeParameters>50,,</ownDataTypeParameters>
</Attribute>
<Attribute name="exploracion_fisica" id="6ED465C5-D5E3-E24A-A8CB-BB47C9AD51B3">
<createdBy>mario</createdBy>
<createdTime>2021-04-13 09:15:02 UTC</createdTime>
<ownerDesignName>Hospital</ownerDesignName>
<engineerTo>
<item key="01B53C2B-8648-5538-36BC-E1D90F267C67" value="true"/>
</engineerTo>
<useDomainConstraints>false</useDomainConstraints>
<use>1</use>
<logicalDatatype>LOGDT011</logicalDatatype>
<ownDataTypeParameters>,,</ownDataTypeParameters>
</Attribute>
<Attribute name="cirugia" id="CE06D17C-F080-AA93-855C-BD5511B12992">
<createdBy>mario</createdBy>
<createdTime>2021-04-13 09:16:55 UTC</createdTime>
<generatorID>67CF10E8-B6FA-BEB3-C2A3-ADC2A4F37459</generatorID>
<ownerDesignName>Hospital</ownerDesignName>
<engineerTo>
<item key="01B53C2B-8648-5538-36BC-E1D90F267C67" value="true"/>
</engineerTo>
<nullsAllowed>true</nullsAllowed>
<referedAttribute>6A7644B9-7F2B-6E2D-614D-A49ABEFCCF73</referedAttribute>
<useDomainConstraints>false</useDomainConstraints>
<use>1</use>
<logicalDatatype>LOGDT011</logicalDatatype>
<ownDataTypeParameters>,,</ownDataTypeParameters>
</Attribute>
</attributes>
<identifiers itemClass="oracle.dbtools.crest.model.design.logical.CandidateKey">
<identifier id="D4495921-57A0-B6D4-B1C5-045C5640DDCD" name="ExplorcionColumna PK">
<createdBy>mario</createdBy>
<createdTime>2021-04-13 09:14:59 UTC</createdTime>
<ownerDesignName>Hospital</ownerDesignName>
<engineerTo>
<item key="01B53C2B-8648-5538-36BC-E1D90F267C67" value="true"/>
</engineerTo>
<pk>true</pk>
<usedAttributes>
<attributeRef>19BC2536-DDEC-285C-A420-8C378B8BF267</attributeRef>
<attributeRef>6ED465C5-D5E3-E24A-A8CB-BB47C9AD51B3</attributeRef>
</usedAttributes>
</identifier>
</identifiers>
</Entity>