<?xml version = '1.0' encoding = 'UTF-8'?>
<Entity class="oracle.dbtools.crest.model.design.logical.Entity" directorySegmentName="seg_0" id="3E109DFC-9722-379B-9587-A9208839B903" name="ExploracionTorax">
<createdBy>mario</createdBy>
<createdTime>2021-04-13 09:09:27 UTC</createdTime>
<ownerDesignName>Hospital</ownerDesignName>
<engineerTo>
<item key="01B53C2B-8648-5538-36BC-E1D90F267C67" value="true"/>
</engineerTo>
<adequatelyNormalized>NO</adequatelyNormalized>
<expectedVolumes>0</expectedVolumes>
<fwdEngineeringStrategyName>Single Table</fwdEngineeringStrategyName>
<growthPercent>0</growthPercent>
<growthType>Year</growthType>
<maxVolumes>9999999</maxVolumes>
<minVolumes>0</minVolumes>
<normalForm>Third</normalForm>
<attributes itemClass="oracle.dbtools.crest.model.design.logical.Attribute">
<Attribute name="dato_encontrado" id="CF9A88B4-675D-7F55-D2BA-04AC95B62F53">
<createdBy>mario</createdBy>
<createdTime>2021-04-13 09:09:40 UTC</createdTime>
<ownerDesignName>Hospital</ownerDesignName>
<engineerTo>
<item key="01B53C2B-8648-5538-36BC-E1D90F267C67" value="true"/>
</engineerTo>
<useDomainConstraints>false</useDomainConstraints>
<use>1</use>
<logicalDatatype>LOGDT024</logicalDatatype>
<ownDataTypeParameters>,,</ownDataTypeParameters>
</Attribute>
<Attribute name="exploracion_fisica" id="0BEC32DC-2C5A-FB20-770C-68F96F3D08C3">
<createdBy>mario</createdBy>
<createdTime>2021-04-13 09:09:59 UTC</createdTime>
<ownerDesignName>Hospital</ownerDesignName>
<engineerTo>
<item key="01B53C2B-8648-5538-36BC-E1D90F267C67" value="true"/>
</engineerTo>
<useDomainConstraints>false</useDomainConstraints>
<use>1</use>
<logicalDatatype>LOGDT011</logicalDatatype>
<ownDataTypeParameters>,,</ownDataTypeParameters>
</Attribute>
<Attribute name="cirugia" id="07AB3A6F-2C56-3C54-596B-6BE0043ABD25">
<createdBy>mario</createdBy>
<createdTime>2021-04-13 09:10:49 UTC</createdTime>
<generatorID>04442F35-9FB3-A0DF-95CA-5F127226FB40</generatorID>
<ownerDesignName>Hospital</ownerDesignName>
<engineerTo>
<item key="01B53C2B-8648-5538-36BC-E1D90F267C67" value="true"/>
</engineerTo>
<nullsAllowed>true</nullsAllowed>
<referedAttribute>6A7644B9-7F2B-6E2D-614D-A49ABEFCCF73</referedAttribute>
<useDomainConstraints>false</useDomainConstraints>
<use>1</use>
<logicalDatatype>LOGDT011</logicalDatatype>
<ownDataTypeParameters>,,</ownDataTypeParameters>
</Attribute>
</attributes>
<identifiers itemClass="oracle.dbtools.crest.model.design.logical.CandidateKey">
<identifier id="8B83D730-F68A-E1CE-FA14-F76F42262310" name="ExploracionTorax PK">
<createdBy>mario</createdBy>
<createdTime>2021-04-13 09:09:57 UTC</createdTime>
<ownerDesignName>Hospital</ownerDesignName>
<engineerTo>
<item key="01B53C2B-8648-5538-36BC-E1D90F267C67" value="true"/>
</engineerTo>
<pk>true</pk>
<usedAttributes>
<attributeRef>CF9A88B4-675D-7F55-D2BA-04AC95B62F53</attributeRef>
<attributeRef>0BEC32DC-2C5A-FB20-770C-68F96F3D08C3</attributeRef>
</usedAttributes>
</identifier>
</identifiers>
</Entity>