<?xml version = '1.0' encoding = 'UTF-8'?>
<Entity class="oracle.dbtools.crest.model.design.logical.Entity" directorySegmentName="seg_0" id="4E9D2A64-6266-CA8B-0888-769701AC44D8" name="ProcesoQuirurgico">
<createdBy>mario</createdBy>
<createdTime>2021-04-13 07:22:24 UTC</createdTime>
<ownerDesignName>Hospital</ownerDesignName>
<engineerTo>
<item key="01B53C2B-8648-5538-36BC-E1D90F267C67" value="true"/>
</engineerTo>
<adequatelyNormalized>NO</adequatelyNormalized>
<expectedVolumes>0</expectedVolumes>
<fwdEngineeringStrategyName>Single Table</fwdEngineeringStrategyName>
<growthPercent>0</growthPercent>
<growthType>Year</growthType>
<maxVolumes>9999999</maxVolumes>
<minVolumes>0</minVolumes>
<normalForm>Third</normalForm>
<attributes itemClass="oracle.dbtools.crest.model.design.logical.Attribute">
<Attribute name="paciente_emergencia" id="A40C869C-0857-57FE-1A60-44C1B452932E">
<createdBy>mario</createdBy>
<createdTime>2021-04-13 07:22:39 UTC</createdTime>
<ownerDesignName>Hospital</ownerDesignName>
<engineerTo>
<item key="01B53C2B-8648-5538-36BC-E1D90F267C67" value="true"/>
</engineerTo>
<useDomainConstraints>false</useDomainConstraints>
<use>1</use>
<logicalDatatype>LOGDT011</logicalDatatype>
<ownDataTypeParameters>,,</ownDataTypeParameters>
</Attribute>
<Attribute name="proceso_quirurgico" id="A8867A58-8224-4C7D-C8C5-2AA6A833679A">
<createdBy>mario</createdBy>
<createdTime>2021-04-13 07:22:55 UTC</createdTime>
<ownerDesignName>Hospital</ownerDesignName>
<engineerTo>
<item key="01B53C2B-8648-5538-36BC-E1D90F267C67" value="true"/>
</engineerTo>
<useDomainConstraints>false</useDomainConstraints>
<use>1</use>
<logicalDatatype>LOGDT024</logicalDatatype>
<dataTypeSize>50</dataTypeSize>
<ownDataTypeParameters>50,,</ownDataTypeParameters>
</Attribute>
<Attribute name="id" id="03BE985C-8220-2C76-2061-15CE13087A3B">
<createdBy>mario</createdBy>
<createdTime>2021-04-13 07:25:33 UTC</createdTime>
<generatorID>31C5B2F6-5578-5038-6429-369277F3E2CD</generatorID>
<ownerDesignName>Hospital</ownerDesignName>
<engineerTo>
<item key="01B53C2B-8648-5538-36BC-E1D90F267C67" value="true"/>
</engineerTo>
<nullsAllowed>true</nullsAllowed>
<referedAttribute>4140CB34-5244-9266-A817-AF8BAB9787B2</referedAttribute>
<useDomainConstraints>false</useDomainConstraints>
<use>1</use>
<logicalDatatype>LOGDT011</logicalDatatype>
<ownDataTypeParameters>,,</ownDataTypeParameters>
</Attribute>
</attributes>
<identifiers itemClass="oracle.dbtools.crest.model.design.logical.CandidateKey">
<identifier id="67DB84E3-9060-AB54-E4C6-DD6A80FE1194" name="ProcesoQuirurgico PK">
<createdBy>mario</createdBy>
<createdTime>2021-04-13 07:22:57 UTC</createdTime>
<ownerDesignName>Hospital</ownerDesignName>
<engineerTo>
<item key="01B53C2B-8648-5538-36BC-E1D90F267C67" value="true"/>
</engineerTo>
<pk>true</pk>
<usedAttributes>
<attributeRef>A40C869C-0857-57FE-1A60-44C1B452932E</attributeRef>
<attributeRef>A8867A58-8224-4C7D-C8C5-2AA6A833679A</attributeRef>
</usedAttributes>
</identifier>
</identifiers>
</Entity>