<?xml version = '1.0' encoding = 'UTF-8'?>
<Entity class="oracle.dbtools.crest.model.design.logical.Entity" directorySegmentName="seg_0" id="581785FE-E07C-7B8D-3836-93E187DABB8D" name="FichaTraslado">
<createdBy>mario</createdBy>
<createdTime>2021-04-12 23:17:42 UTC</createdTime>
<ownerDesignName>Hospital</ownerDesignName>
<engineerTo>
<item key="01B53C2B-8648-5538-36BC-E1D90F267C67" value="true"/>
</engineerTo>
<adequatelyNormalized>NO</adequatelyNormalized>
<expectedVolumes>0</expectedVolumes>
<fwdEngineeringStrategyName>Single Table</fwdEngineeringStrategyName>
<growthPercent>0</growthPercent>
<growthType>Year</growthType>
<maxVolumes>9999999</maxVolumes>
<minVolumes>0</minVolumes>
<normalForm>Third</normalForm>
<attributes itemClass="oracle.dbtools.crest.model.design.logical.Attribute">
<Attribute name="ingreso" id="BC69AA6C-7975-0AC7-34BC-3ACC7AD0E9C5">
<createdBy>mario</createdBy>
<createdTime>2021-04-12 23:17:50 UTC</createdTime>
<ownerDesignName>Hospital</ownerDesignName>
<engineerTo>
<item key="01B53C2B-8648-5538-36BC-E1D90F267C67" value="true"/>
</engineerTo>
<useDomainConstraints>false</useDomainConstraints>
<use>1</use>
<logicalDatatype>LOGDT011</logicalDatatype>
<ownDataTypeParameters>,,</ownDataTypeParameters>
</Attribute>
<Attribute name="día" id="3963A384-51DA-CBC1-1B14-2975C82DE77D">
<createdBy>mario</createdBy>
<createdTime>2021-04-12 23:17:57 UTC</createdTime>
<ownerDesignName>Hospital</ownerDesignName>
<engineerTo>
<item key="01B53C2B-8648-5538-36BC-E1D90F267C67" value="true"/>
</engineerTo>
<useDomainConstraints>false</useDomainConstraints>
<use>1</use>
<logicalDatatype>LOGDT018</logicalDatatype>
<ownDataTypeParameters>,,</ownDataTypeParameters>
</Attribute>
<Attribute name="mes" id="36A057F6-BDBC-E1BF-774D-D7F4D6A28DE8">
<createdBy>mario</createdBy>
<createdTime>2021-04-12 23:18:06 UTC</createdTime>
<ownerDesignName>Hospital</ownerDesignName>
<engineerTo>
<item key="01B53C2B-8648-5538-36BC-E1D90F267C67" value="true"/>
</engineerTo>
<useDomainConstraints>false</useDomainConstraints>
<use>1</use>
<logicalDatatype>LOGDT018</logicalDatatype>
<ownDataTypeParameters>,,</ownDataTypeParameters>
</Attribute>
<Attribute name="año" id="9EBBD65C-FFE4-1054-3E94-96896C910419">
<createdBy>mario</createdBy>
<createdTime>2021-04-12 23:18:08 UTC</createdTime>
<ownerDesignName>Hospital</ownerDesignName>
<engineerTo>
<item key="01B53C2B-8648-5538-36BC-E1D90F267C67" value="true"/>
</engineerTo>
<useDomainConstraints>false</useDomainConstraints>
<use>1</use>
<logicalDatatype>LOGDT011</logicalDatatype>
<ownDataTypeParameters>,,</ownDataTypeParameters>
</Attribute>
<Attribute name="hora" id="5BAD8AF1-97A1-8187-6FD5-EB81AFD7D1A0">
<createdBy>mario</createdBy>
<createdTime>2021-04-12 23:18:10 UTC</createdTime>
<ownerDesignName>Hospital</ownerDesignName>
<engineerTo>
<item key="01B53C2B-8648-5538-36BC-E1D90F267C67" value="true"/>
</engineerTo>
<useDomainConstraints>false</useDomainConstraints>
<use>1</use>
<logicalDatatype>LOGDT018</logicalDatatype>
<ownDataTypeParameters>,,</ownDataTypeParameters>
</Attribute>
<Attribute name="consentido" id="D3336D10-0586-42D9-7CC4-54862BF3283F">
<createdBy>mario</createdBy>
<createdTime>2021-04-12 23:19:03 UTC</createdTime>
<ownerDesignName>Hospital</ownerDesignName>
<engineerTo>
<item key="01B53C2B-8648-5538-36BC-E1D90F267C67" value="true"/>
</engineerTo>
<useDomainConstraints>false</useDomainConstraints>
<use>1</use>
<logicalDatatype>LOGDT006</logicalDatatype>
<dataTypeSize>1</dataTypeSize>
<ownDataTypeParameters>1,,</ownDataTypeParameters>
</Attribute>
<Attribute name="medico" id="5C86A597-44D4-10E0-3987-F6FE069C3526">
<createdBy>mario</createdBy>
<createdTime>2021-04-12 23:19:18 UTC</createdTime>
<ownerDesignName>Hospital</ownerDesignName>
<engineerTo>
<item key="01B53C2B-8648-5538-36BC-E1D90F267C67" value="true"/>
</engineerTo>
<useDomainConstraints>false</useDomainConstraints>
<use>1</use>
<logicalDatatype>LOGDT011</logicalDatatype>
<ownDataTypeParameters>,,</ownDataTypeParameters>
</Attribute>
<Attribute name="unidad_origen" id="C278C7FA-A9B8-F5C7-3DA3-73E21D4BFC5E">
<createdBy>mario</createdBy>
<createdTime>2021-04-12 23:19:41 UTC</createdTime>
<ownerDesignName>Hospital</ownerDesignName>
<engineerTo>
<item key="01B53C2B-8648-5538-36BC-E1D90F267C67" value="true"/>
</engineerTo>
<useDomainConstraints>false</useDomainConstraints>
<use>1</use>
<logicalDatatype>LOGDT011</logicalDatatype>
<ownDataTypeParameters>,,</ownDataTypeParameters>
</Attribute>
<Attribute name="hospital_origen" id="0F3AF140-8C6A-7AB0-A89B-D4908E9BB5E1">
<createdBy>mario</createdBy>
<createdTime>2021-04-12 23:20:22 UTC</createdTime>
<ownerDesignName>Hospital</ownerDesignName>
<engineerTo>
<item key="01B53C2B-8648-5538-36BC-E1D90F267C67" value="true"/>
</engineerTo>
<useDomainConstraints>false</useDomainConstraints>
<use>1</use>
<logicalDatatype>LOGDT011</logicalDatatype>
<ownDataTypeParameters>,,</ownDataTypeParameters>
</Attribute>
<Attribute name="unidad_destino" id="9C51B2D8-2CAA-59A0-2FD1-A0EC4F0DA85F">
<createdBy>mario</createdBy>
<createdTime>2021-04-12 23:20:45 UTC</createdTime>
<ownerDesignName>Hospital</ownerDesignName>
<engineerTo>
<item key="01B53C2B-8648-5538-36BC-E1D90F267C67" value="true"/>
</engineerTo>
<useDomainConstraints>false</useDomainConstraints>
<use>1</use>
<logicalDatatype>LOGDT011</logicalDatatype>
<ownDataTypeParameters>,,</ownDataTypeParameters>
</Attribute>
<Attribute name="hospital_destino" id="3D8C7E80-BBC6-9E31-558F-8983C2563AD8">
<createdBy>mario</createdBy>
<createdTime>2021-04-12 23:21:53 UTC</createdTime>
<ownerDesignName>Hospital</ownerDesignName>
<engineerTo>
<item key="01B53C2B-8648-5538-36BC-E1D90F267C67" value="true"/>
</engineerTo>
<useDomainConstraints>false</useDomainConstraints>
<use>1</use>
<logicalDatatype>LOGDT011</logicalDatatype>
<ownDataTypeParameters>,,</ownDataTypeParameters>
</Attribute>
<Attribute name="id_hospital" id="09195F69-93C5-33BD-7472-5E8435B97F89">
<createdBy>mario</createdBy>
<createdTime>2021-04-13 00:27:58 UTC</createdTime>
<generatorID>03C7E733-A43A-3D96-0A37-E8D9A384B4AF</generatorID>
<ownerDesignName>Hospital</ownerDesignName>
<engineerTo>
<item key="01B53C2B-8648-5538-36BC-E1D90F267C67" value="true"/>
</engineerTo>
<referedAttribute>632FA593-F4B9-B5B4-225B-A526FF8469C9</referedAttribute>
<useDomainConstraints>false</useDomainConstraints>
<use>1</use>
<logicalDatatype>LOGDT011</logicalDatatype>
<ownDataTypeParameters>,,</ownDataTypeParameters>
</Attribute>
<Attribute name="tipo_unidad" id="2A5F17C6-9CA1-D118-62E6-0D42B1B90AD1">
<createdBy>mario</createdBy>
<createdTime>2021-04-13 00:27:58 UTC</createdTime>
<generatorID>03C7E733-A43A-3D96-0A37-E8D9A384B4AF</generatorID>
<ownerDesignName>Hospital</ownerDesignName>
<engineerTo>
<item key="01B53C2B-8648-5538-36BC-E1D90F267C67" value="true"/>
</engineerTo>
<referedAttribute>C72C419A-B8D6-F150-4A59-609D09C535E0</referedAttribute>
<useDomainConstraints>false</useDomainConstraints>
<use>1</use>
<logicalDatatype>LOGDT011</logicalDatatype>
<ownDataTypeParameters>,,</ownDataTypeParameters>
</Attribute>
<Attribute name="id_hospital_destino" id="D2B194DC-C7E3-486D-537E-EEBCB4433275">
<createdBy>mario</createdBy>
<createdTime>2021-04-13 00:28:37 UTC</createdTime>
<generatorID>E994C319-E9D1-D560-B979-772515ED7C5F</generatorID>
<ownerDesignName>Hospital</ownerDesignName>
<engineerTo>
<item key="01B53C2B-8648-5538-36BC-E1D90F267C67" value="true"/>
</engineerTo>
<referedAttribute>632FA593-F4B9-B5B4-225B-A526FF8469C9</referedAttribute>
<useDomainConstraints>false</useDomainConstraints>
<use>1</use>
<logicalDatatype>LOGDT011</logicalDatatype>
<ownDataTypeParameters>,,</ownDataTypeParameters>
</Attribute>
<Attribute name="tipo_unidad_destino" id="34EE3F31-9DE6-F4BF-3161-200308C12C12">
<createdBy>mario</createdBy>
<createdTime>2021-04-13 00:28:37 UTC</createdTime>
<generatorID>E994C319-E9D1-D560-B979-772515ED7C5F</generatorID>
<ownerDesignName>Hospital</ownerDesignName>
<engineerTo>
<item key="01B53C2B-8648-5538-36BC-E1D90F267C67" value="true"/>
</engineerTo>
<referedAttribute>C72C419A-B8D6-F150-4A59-609D09C535E0</referedAttribute>
<useDomainConstraints>false</useDomainConstraints>
<use>1</use>
<logicalDatatype>LOGDT011</logicalDatatype>
<ownDataTypeParameters>,,</ownDataTypeParameters>
</Attribute>
<Attribute name="cirugia" id="39C68B2E-35CE-478B-2209-01E797225E11">
<createdBy>marito</createdBy>
<createdTime>2021-04-13 19:13:00 UTC</createdTime>
<generatorID>F5E96FCB-46B9-A23C-BE65-235BCD4360A6</generatorID>
<ownerDesignName>Hospital</ownerDesignName>
<engineerTo>
<item key="01B53C2B-8648-5538-36BC-E1D90F267C67" value="true"/>
</engineerTo>
<referedAttribute>F0C4FE8E-0A99-B739-ED8A-ADD632918402</referedAttribute>
<useDomainConstraints>false</useDomainConstraints>
<use>1</use>
<logicalDatatype>LOGDT011</logicalDatatype>
<ownDataTypeParameters>,,</ownDataTypeParameters>
</Attribute>
<Attribute name="ficha_ingreso_siguiente" id="64189C99-5CB4-E1D8-C5FF-A6197381AE6E">
<createdBy>marito</createdBy>
<createdTime>2021-04-13 19:27:50 UTC</createdTime>
<ownerDesignName>Hospital</ownerDesignName>
<engineerTo>
<item key="01B53C2B-8648-5538-36BC-E1D90F267C67" value="true"/>
</engineerTo>
<useDomainConstraints>false</useDomainConstraints>
<use>1</use>
<logicalDatatype>LOGDT011</logicalDatatype>
<ownDataTypeParameters>,,</ownDataTypeParameters>
</Attribute>
<Attribute name="id" id="B14C3E06-E863-6766-DBBE-692EFBBD869F">
<createdBy>marito</createdBy>
<createdTime>2021-04-15 18:36:49 UTC</createdTime>
<generatorID>A70C49EE-34CC-C9E2-B579-FF668E6A7CF3</generatorID>
<ownerDesignName>Hospital</ownerDesignName>
<engineerTo>
<item key="01B53C2B-8648-5538-36BC-E1D90F267C67" value="true"/>
</engineerTo>
<referedAttribute>9D5519A2-D497-19CB-7289-2B91BAD4C767</referedAttribute>
<useDomainConstraints>false</useDomainConstraints>
<use>1</use>
<logicalDatatype>LOGDT011</logicalDatatype>
<ownDataTypeParameters>,,</ownDataTypeParameters>
</Attribute>
<Attribute name="persona" id="52929121-F7CE-EEF2-1843-D2B96A102C87">
<createdBy>marito</createdBy>
<createdTime>2021-04-15 18:41:58 UTC</createdTime>
<generatorID>15F18D16-BA9D-D6D2-447C-392E5AEC1E95</generatorID>
<ownerDesignName>Hospital</ownerDesignName>
<engineerTo>
<item key="01B53C2B-8648-5538-36BC-E1D90F267C67" value="true"/>
</engineerTo>
<referedAttribute>F449D213-BB0D-A2F6-06BF-BB9600735055</referedAttribute>
<useDomainConstraints>false</useDomainConstraints>
<use>1</use>
<logicalDatatype>LOGDT011</logicalDatatype>
<ownDataTypeParameters>,,</ownDataTypeParameters>
</Attribute>
<Attribute name="tipo" id="92CB7A07-1B20-ACC2-2684-0AD51A098815">
<createdBy>marito</createdBy>
<createdTime>2021-04-15 18:41:58 UTC</createdTime>
<generatorID>15F18D16-BA9D-D6D2-447C-392E5AEC1E95</generatorID>
<ownerDesignName>Hospital</ownerDesignName>
<engineerTo>
<item key="01B53C2B-8648-5538-36BC-E1D90F267C67" value="true"/>
</engineerTo>
<referedAttribute>86831F68-BDD0-C2C1-B8F1-CA672731AADD</referedAttribute>
<useDomainConstraints>false</useDomainConstraints>
<use>1</use>
<logicalDatatype>LOGDT011</logicalDatatype>
<ownDataTypeParameters>,,</ownDataTypeParameters>
</Attribute>
<Attribute name="hospital" id="73209A94-2350-7376-577F-39874517FEC9">
<createdBy>marito</createdBy>
<createdTime>2021-04-15 18:41:58 UTC</createdTime>
<generatorID>15F18D16-BA9D-D6D2-447C-392E5AEC1E95</generatorID>
<ownerDesignName>Hospital</ownerDesignName>
<engineerTo>
<item key="01B53C2B-8648-5538-36BC-E1D90F267C67" value="true"/>
</engineerTo>
<referedAttribute>DF752285-BACF-90B7-FEBF-AC5D12ECFE83</referedAttribute>
<useDomainConstraints>false</useDomainConstraints>
<use>1</use>
<logicalDatatype>LOGDT011</logicalDatatype>
<ownDataTypeParameters>,,</ownDataTypeParameters>
</Attribute>
</attributes>
<identifiers itemClass="oracle.dbtools.crest.model.design.logical.CandidateKey">
<identifier id="EC8CC108-82AB-C9AD-FE04-5CC6BC6B6BEB" name="FichaTraslado PK">
<createdBy>mario</createdBy>
<createdTime>2021-04-12 23:17:56 UTC</createdTime>
<ownerDesignName>Hospital</ownerDesignName>
<engineerTo>
<item key="01B53C2B-8648-5538-36BC-E1D90F267C67" value="true"/>
</engineerTo>
<pk>true</pk>
<usedAttributes>
<attributeRef>BC69AA6C-7975-0AC7-34BC-3ACC7AD0E9C5</attributeRef>
</usedAttributes>
</identifier>
</identifiers>
</Entity>