<?xml version = '1.0' encoding = 'UTF-8'?>
<Entity class="oracle.dbtools.crest.model.design.logical.Entity" directorySegmentName="seg_0" id="6563E579-5113-6801-9938-509A7F433126" name="ExploracionExtremidad">
<createdBy>mario</createdBy>
<createdTime>2021-04-13 09:13:06 UTC</createdTime>
<ownerDesignName>Hospital</ownerDesignName>
<engineerTo>
<item key="01B53C2B-8648-5538-36BC-E1D90F267C67" value="true"/>
</engineerTo>
<adequatelyNormalized>NO</adequatelyNormalized>
<expectedVolumes>0</expectedVolumes>
<fwdEngineeringStrategyName>Single Table</fwdEngineeringStrategyName>
<growthPercent>0</growthPercent>
<growthType>Year</growthType>
<maxVolumes>9999999</maxVolumes>
<minVolumes>0</minVolumes>
<normalForm>Third</normalForm>
<attributes itemClass="oracle.dbtools.crest.model.design.logical.Attribute">
<Attribute name="dato_encontrado" id="99E4AEE1-CACE-375E-559F-9ACC17E909DD">
<createdBy>mario</createdBy>
<createdTime>2021-04-13 09:13:17 UTC</createdTime>
<ownerDesignName>Hospital</ownerDesignName>
<engineerTo>
<item key="01B53C2B-8648-5538-36BC-E1D90F267C67" value="true"/>
</engineerTo>
<useDomainConstraints>false</useDomainConstraints>
<use>1</use>
<logicalDatatype>LOGDT024</logicalDatatype>
<dataTypeSize>50</dataTypeSize>
<ownDataTypeParameters>50,,</ownDataTypeParameters>
</Attribute>
<Attribute name="exploracion_fisica" id="7854C6EB-B17E-F324-551C-053950A7B089">
<createdBy>mario</createdBy>
<createdTime>2021-04-13 09:13:27 UTC</createdTime>
<ownerDesignName>Hospital</ownerDesignName>
<engineerTo>
<item key="01B53C2B-8648-5538-36BC-E1D90F267C67" value="true"/>
</engineerTo>
<useDomainConstraints>false</useDomainConstraints>
<use>1</use>
<logicalDatatype>LOGDT011</logicalDatatype>
<ownDataTypeParameters>,,</ownDataTypeParameters>
</Attribute>
<Attribute name="extremidad" id="F017546C-AEEA-5EB5-A9E2-B4C2AD6E4889">
<createdBy>mario</createdBy>
<createdTime>2021-04-13 09:13:22 UTC</createdTime>
<ownerDesignName>Hospital</ownerDesignName>
<engineerTo>
<item key="01B53C2B-8648-5538-36BC-E1D90F267C67" value="true"/>
</engineerTo>
<useDomainConstraints>false</useDomainConstraints>
<use>1</use>
<logicalDatatype>LOGDT024</logicalDatatype>
<dataTypeSize>25</dataTypeSize>
<ownDataTypeParameters>25,,</ownDataTypeParameters>
</Attribute>
<Attribute name="cirugia" id="5D2D8E42-A066-7E2D-70FE-E521288EC473">
<createdBy>mario</createdBy>
<createdTime>2021-04-13 09:14:13 UTC</createdTime>
<generatorID>1DD1CCB8-08BA-1264-60E3-58754AF655BF</generatorID>
<ownerDesignName>Hospital</ownerDesignName>
<engineerTo>
<item key="01B53C2B-8648-5538-36BC-E1D90F267C67" value="true"/>
</engineerTo>
<nullsAllowed>true</nullsAllowed>
<referedAttribute>6A7644B9-7F2B-6E2D-614D-A49ABEFCCF73</referedAttribute>
<useDomainConstraints>false</useDomainConstraints>
<use>1</use>
<logicalDatatype>LOGDT011</logicalDatatype>
<ownDataTypeParameters>,,</ownDataTypeParameters>
</Attribute>
</attributes>
<identifiers itemClass="oracle.dbtools.crest.model.design.logical.CandidateKey">
<identifier id="DF069004-4E67-799F-0B46-29960D54336E" name="ExploracionExtremidad PK">
<createdBy>mario</createdBy>
<createdTime>2021-04-13 09:13:41 UTC</createdTime>
<ownerDesignName>Hospital</ownerDesignName>
<engineerTo>
<item key="01B53C2B-8648-5538-36BC-E1D90F267C67" value="true"/>
</engineerTo>
<pk>true</pk>
<usedAttributes>
<attributeRef>7854C6EB-B17E-F324-551C-053950A7B089</attributeRef>
<attributeRef>99E4AEE1-CACE-375E-559F-9ACC17E909DD</attributeRef>
</usedAttributes>
</identifier>
</identifiers>
</Entity>