<?xml version = '1.0' encoding = 'UTF-8'?>
<Entity class="oracle.dbtools.crest.model.design.logical.Entity" directorySegmentName="seg_0" id="6CFDEFA8-BFB3-B574-C0B2-A9E7736E771B" name="EstudioPrevio">
<createdBy>mario</createdBy>
<createdTime>2021-04-13 09:02:00 UTC</createdTime>
<ownerDesignName>Hospital</ownerDesignName>
<engineerTo>
<item key="01B53C2B-8648-5538-36BC-E1D90F267C67" value="true"/>
</engineerTo>
<adequatelyNormalized>NO</adequatelyNormalized>
<expectedVolumes>0</expectedVolumes>
<fwdEngineeringStrategyName>Single Table</fwdEngineeringStrategyName>
<growthPercent>0</growthPercent>
<growthType>Year</growthType>
<maxVolumes>9999999</maxVolumes>
<minVolumes>0</minVolumes>
<normalForm>Third</normalForm>
<attributes itemClass="oracle.dbtools.crest.model.design.logical.Attribute">
<Attribute name="estudio" id="A9DFBEF2-ABF2-5D5B-0D0D-03DF2AD71D63">
<createdBy>mario</createdBy>
<createdTime>2021-04-13 09:02:12 UTC</createdTime>
<ownerDesignName>Hospital</ownerDesignName>
<engineerTo>
<item key="01B53C2B-8648-5538-36BC-E1D90F267C67" value="true"/>
</engineerTo>
<useDomainConstraints>false</useDomainConstraints>
<use>1</use>
<logicalDatatype>LOGDT024</logicalDatatype>
<dataTypeSize>50</dataTypeSize>
<ownDataTypeParameters>50,,</ownDataTypeParameters>
</Attribute>
<Attribute name="interrogatorio" id="DA02432C-64B5-CFE4-1937-BFA3FF32A530">
<createdBy>mario</createdBy>
<createdTime>2021-04-13 09:02:12 UTC</createdTime>
<ownerDesignName>Hospital</ownerDesignName>
<engineerTo>
<item key="01B53C2B-8648-5538-36BC-E1D90F267C67" value="true"/>
</engineerTo>
<useDomainConstraints>false</useDomainConstraints>
<use>1</use>
<logicalDatatype>LOGDT011</logicalDatatype>
<ownDataTypeParameters>,,</ownDataTypeParameters>
</Attribute>
<Attribute name="cirugia" id="D5567030-C8D5-ED4E-A89F-428D96BBD5BC">
<createdBy>mario</createdBy>
<createdTime>2021-04-13 09:03:15 UTC</createdTime>
<generatorID>744AA7B5-CD7A-EC48-B2CB-CFBD80E00850</generatorID>
<ownerDesignName>Hospital</ownerDesignName>
<engineerTo>
<item key="01B53C2B-8648-5538-36BC-E1D90F267C67" value="true"/>
</engineerTo>
<nullsAllowed>true</nullsAllowed>
<referedAttribute>6A7644B9-7F2B-6E2D-614D-A49ABEFCCF73</referedAttribute>
<useDomainConstraints>false</useDomainConstraints>
<use>1</use>
<logicalDatatype>LOGDT011</logicalDatatype>
<ownDataTypeParameters>,,</ownDataTypeParameters>
</Attribute>
</attributes>
<identifiers itemClass="oracle.dbtools.crest.model.design.logical.CandidateKey">
<identifier id="60C4039F-A78C-1FB5-80AE-FE603C471357" name="EstudioPrevio PK">
<createdBy>mario</createdBy>
<createdTime>2021-04-13 09:02:33 UTC</createdTime>
<ownerDesignName>Hospital</ownerDesignName>
<engineerTo>
<item key="01B53C2B-8648-5538-36BC-E1D90F267C67" value="true"/>
</engineerTo>
<pk>true</pk>
<usedAttributes>
<attributeRef>A9DFBEF2-ABF2-5D5B-0D0D-03DF2AD71D63</attributeRef>
<attributeRef>DA02432C-64B5-CFE4-1937-BFA3FF32A530</attributeRef>
</usedAttributes>
</identifier>
</identifiers>
</Entity>