<?xml version = '1.0' encoding = 'UTF-8'?>
<Entity class="oracle.dbtools.crest.model.design.logical.Entity" directorySegmentName="seg_0" id="8CD12CE6-7C56-388A-AC3A-CBD245E149F4" name="MedicoConsulta">
<createdBy>mario</createdBy>
<createdTime>2021-04-13 04:42:05 UTC</createdTime>
<ownerDesignName>Hospital</ownerDesignName>
<engineerTo>
<item key="01B53C2B-8648-5538-36BC-E1D90F267C67" value="true"/>
</engineerTo>
<adequatelyNormalized>NO</adequatelyNormalized>
<expectedVolumes>0</expectedVolumes>
<fwdEngineeringStrategyName>Single Table</fwdEngineeringStrategyName>
<growthPercent>0</growthPercent>
<growthType>Year</growthType>
<maxVolumes>9999999</maxVolumes>
<minVolumes>0</minVolumes>
<normalForm>Third</normalForm>
<attributes itemClass="oracle.dbtools.crest.model.design.logical.Attribute">
<Attribute name="medico" id="4666C702-EC63-59A0-30E8-8D4612EFD2E3">
<createdBy>mario</createdBy>
<createdTime>2021-04-13 04:42:19 UTC</createdTime>
<ownerDesignName>Hospital</ownerDesignName>
<engineerTo>
<item key="01B53C2B-8648-5538-36BC-E1D90F267C67" value="true"/>
</engineerTo>
<useDomainConstraints>false</useDomainConstraints>
<use>1</use>
<logicalDatatype>LOGDT011</logicalDatatype>
<ownDataTypeParameters>,,</ownDataTypeParameters>
</Attribute>
<Attribute name="especialidad" id="4FC03E36-37F7-5D28-6011-CB921ECEED63">
<createdBy>mario</createdBy>
<createdTime>2021-04-13 04:42:44 UTC</createdTime>
<ownerDesignName>Hospital</ownerDesignName>
<engineerTo>
<item key="01B53C2B-8648-5538-36BC-E1D90F267C67" value="true"/>
</engineerTo>
<useDomainConstraints>false</useDomainConstraints>
<use>1</use>
<logicalDatatype>LOGDT011</logicalDatatype>
<ownDataTypeParameters>,,</ownDataTypeParameters>
</Attribute>
<Attribute name="id" id="9CB77898-9B74-941B-FF5E-193D4191E806">
<createdBy>mario</createdBy>
<createdTime>2021-04-13 04:50:56 UTC</createdTime>
<generatorID>33EAD616-7218-CB73-FD44-7FD356FE76D1</generatorID>
<ownerDesignName>Hospital</ownerDesignName>
<engineerTo>
<item key="01B53C2B-8648-5538-36BC-E1D90F267C67" value="true"/>
</engineerTo>
<referedAttribute>C30ED2C7-0367-6A25-AADC-4CF18F49123E</referedAttribute>
<useDomainConstraints>false</useDomainConstraints>
<use>1</use>
<logicalDatatype>LOGDT011</logicalDatatype>
<ownDataTypeParameters>,,</ownDataTypeParameters>
</Attribute>
</attributes>
<identifiers itemClass="oracle.dbtools.crest.model.design.logical.CandidateKey">
<identifier id="E149603E-5206-5DEA-9F2F-BC4D7F7B7A9D" name="MedicoConsulta PK">
<createdBy>mario</createdBy>
<createdTime>2021-04-13 04:42:28 UTC</createdTime>
<ownerDesignName>Hospital</ownerDesignName>
<engineerTo>
<item key="01B53C2B-8648-5538-36BC-E1D90F267C67" value="true"/>
</engineerTo>
<pk>true</pk>
<usedAttributes>
<attributeRef>4666C702-EC63-59A0-30E8-8D4612EFD2E3</attributeRef>
</usedAttributes>
</identifier>
</identifiers>
</Entity>