<?xml version = '1.0' encoding = 'UTF-8'?>
<Entity class="oracle.dbtools.crest.model.design.logical.Entity" directorySegmentName="seg_0" id="9BB0194F-5869-5AB8-C9C5-C3B0181584AD" name="TurnoMedico">
<createdBy>mario</createdBy>
<createdTime>2021-04-13 06:06:38 UTC</createdTime>
<ownerDesignName>Hospital</ownerDesignName>
<engineerTo>
<item key="01B53C2B-8648-5538-36BC-E1D90F267C67" value="true"/>
</engineerTo>
<adequatelyNormalized>NO</adequatelyNormalized>
<expectedVolumes>0</expectedVolumes>
<fwdEngineeringStrategyName>Single Table</fwdEngineeringStrategyName>
<growthPercent>0</growthPercent>
<growthType>Year</growthType>
<maxVolumes>9999999</maxVolumes>
<minVolumes>0</minVolumes>
<normalForm>Third</normalForm>
<attributes itemClass="oracle.dbtools.crest.model.design.logical.Attribute">
<Attribute name="medico" id="DDB8FD65-6F8A-DAA0-5E50-BEFBC11059C5">
<createdBy>mario</createdBy>
<createdTime>2021-04-13 06:13:12 UTC</createdTime>
<ownerDesignName>Hospital</ownerDesignName>
<engineerTo>
<item key="01B53C2B-8648-5538-36BC-E1D90F267C67" value="true"/>
</engineerTo>
<useDomainConstraints>false</useDomainConstraints>
<use>1</use>
<logicalDatatype>LOGDT011</logicalDatatype>
<ownDataTypeParameters>,,</ownDataTypeParameters>
</Attribute>
<Attribute name="dia" id="CAA13F88-3DC9-46ED-24EA-B7861C3808C7">
<createdBy>mario</createdBy>
<createdTime>2021-04-13 06:13:31 UTC</createdTime>
<ownerDesignName>Hospital</ownerDesignName>
<engineerTo>
<item key="01B53C2B-8648-5538-36BC-E1D90F267C67" value="true"/>
</engineerTo>
<useDomainConstraints>false</useDomainConstraints>
<use>1</use>
<logicalDatatype>LOGDT024</logicalDatatype>
<dataTypeSize>8</dataTypeSize>
<ownDataTypeParameters>8,,</ownDataTypeParameters>
</Attribute>
<Attribute name="turno" id="ECADFE27-33B6-2CCE-6760-05EFC647444F">
<createdBy>mario</createdBy>
<createdTime>2021-04-13 06:14:21 UTC</createdTime>
<ownerDesignName>Hospital</ownerDesignName>
<engineerTo>
<item key="01B53C2B-8648-5538-36BC-E1D90F267C67" value="true"/>
</engineerTo>
<useDomainConstraints>false</useDomainConstraints>
<use>1</use>
<logicalDatatype>LOGDT006</logicalDatatype>
<dataTypeSize>1</dataTypeSize>
<ownDataTypeParameters>1,,</ownDataTypeParameters>
</Attribute>
<Attribute name="persona" id="01B78ABE-537B-6670-E35B-E46E73A8C406">
<createdBy>mario</createdBy>
<createdTime>2021-04-13 06:21:18 UTC</createdTime>
<generatorID>87B5DA2C-541E-6EAD-7552-3AD46A24BC1B</generatorID>
<ownerDesignName>Hospital</ownerDesignName>
<engineerTo>
<item key="01B53C2B-8648-5538-36BC-E1D90F267C67" value="true"/>
</engineerTo>
<referedAttribute>F449D213-BB0D-A2F6-06BF-BB9600735055</referedAttribute>
<useDomainConstraints>false</useDomainConstraints>
<use>1</use>
<logicalDatatype>LOGDT011</logicalDatatype>
<ownDataTypeParameters>,,</ownDataTypeParameters>
</Attribute>
<Attribute name="tipo" id="0CDD5363-0430-62CE-5154-540BC207D8BE">
<createdBy>mario</createdBy>
<createdTime>2021-04-13 06:21:18 UTC</createdTime>
<generatorID>87B5DA2C-541E-6EAD-7552-3AD46A24BC1B</generatorID>
<ownerDesignName>Hospital</ownerDesignName>
<engineerTo>
<item key="01B53C2B-8648-5538-36BC-E1D90F267C67" value="true"/>
</engineerTo>
<referedAttribute>86831F68-BDD0-C2C1-B8F1-CA672731AADD</referedAttribute>
<useDomainConstraints>false</useDomainConstraints>
<use>1</use>
<logicalDatatype>LOGDT011</logicalDatatype>
<ownDataTypeParameters>,,</ownDataTypeParameters>
</Attribute>
<Attribute name="hospital" id="ABC89C40-1DFB-2242-F200-11C79EDE738E">
<createdBy>mario</createdBy>
<createdTime>2021-04-13 06:21:18 UTC</createdTime>
<generatorID>87B5DA2C-541E-6EAD-7552-3AD46A24BC1B</generatorID>
<ownerDesignName>Hospital</ownerDesignName>
<engineerTo>
<item key="01B53C2B-8648-5538-36BC-E1D90F267C67" value="true"/>
</engineerTo>
<referedAttribute>DF752285-BACF-90B7-FEBF-AC5D12ECFE83</referedAttribute>
<useDomainConstraints>false</useDomainConstraints>
<use>1</use>
<logicalDatatype>LOGDT011</logicalDatatype>
<ownDataTypeParameters>,,</ownDataTypeParameters>
</Attribute>
</attributes>
<identifiers itemClass="oracle.dbtools.crest.model.design.logical.CandidateKey">
<identifier id="50FD7146-61A7-8436-DC3B-1DD840E0CACB" name="TurnoMedico PK">
<createdBy>mario</createdBy>
<createdTime>2021-04-13 06:13:30 UTC</createdTime>
<ownerDesignName>Hospital</ownerDesignName>
<engineerTo>
<item key="01B53C2B-8648-5538-36BC-E1D90F267C67" value="true"/>
</engineerTo>
<pk>true</pk>
<usedAttributes>
<attributeRef>DDB8FD65-6F8A-DAA0-5E50-BEFBC11059C5</attributeRef>
<attributeRef>CAA13F88-3DC9-46ED-24EA-B7861C3808C7</attributeRef>
</usedAttributes>
</identifier>
</identifiers>
</Entity>