<?xml version = '1.0' encoding = 'UTF-8'?>
<Entity class="oracle.dbtools.crest.model.design.logical.Entity" directorySegmentName="seg_0" id="ACDDB997-B7F3-931A-AD5D-54DB293D09AF" name="ProcesoTerapeutico">
<createdBy>mario</createdBy>
<createdTime>2021-04-13 07:18:57 UTC</createdTime>
<ownerDesignName>Hospital</ownerDesignName>
<engineerTo>
<item key="01B53C2B-8648-5538-36BC-E1D90F267C67" value="true"/>
</engineerTo>
<adequatelyNormalized>NO</adequatelyNormalized>
<expectedVolumes>0</expectedVolumes>
<fwdEngineeringStrategyName>Single Table</fwdEngineeringStrategyName>
<growthPercent>0</growthPercent>
<growthType>Year</growthType>
<maxVolumes>9999999</maxVolumes>
<minVolumes>0</minVolumes>
<normalForm>Third</normalForm>
<attributes itemClass="oracle.dbtools.crest.model.design.logical.Attribute">
<Attribute name="paciente_emergencia" id="2FEFA474-752A-21E0-242A-70B2D5550370">
<createdBy>mario</createdBy>
<createdTime>2021-04-13 07:19:48 UTC</createdTime>
<ownerDesignName>Hospital</ownerDesignName>
<engineerTo>
<item key="01B53C2B-8648-5538-36BC-E1D90F267C67" value="true"/>
</engineerTo>
<useDomainConstraints>false</useDomainConstraints>
<use>1</use>
<logicalDatatype>LOGDT011</logicalDatatype>
<ownDataTypeParameters>,,</ownDataTypeParameters>
</Attribute>
<Attribute name="proceso_terapeutico" id="3AB1113C-7C73-9EE3-E421-5B3E69607DA5">
<createdBy>mario</createdBy>
<createdTime>2021-04-13 07:20:56 UTC</createdTime>
<ownerDesignName>Hospital</ownerDesignName>
<engineerTo>
<item key="01B53C2B-8648-5538-36BC-E1D90F267C67" value="true"/>
</engineerTo>
<useDomainConstraints>false</useDomainConstraints>
<use>1</use>
<logicalDatatype>LOGDT024</logicalDatatype>
<dataTypeSize>50</dataTypeSize>
<ownDataTypeParameters>50,,</ownDataTypeParameters>
</Attribute>
<Attribute name="id" id="D2CE44D3-BB1A-BB76-6ACE-1426EC653529">
<createdBy>mario</createdBy>
<createdTime>2021-04-13 07:22:04 UTC</createdTime>
<generatorID>DB88EB5A-2FA2-0499-D5A7-CEC0C1ADAA32</generatorID>
<ownerDesignName>Hospital</ownerDesignName>
<engineerTo>
<item key="01B53C2B-8648-5538-36BC-E1D90F267C67" value="true"/>
</engineerTo>
<nullsAllowed>true</nullsAllowed>
<referedAttribute>4140CB34-5244-9266-A817-AF8BAB9787B2</referedAttribute>
<useDomainConstraints>false</useDomainConstraints>
<use>1</use>
<logicalDatatype>LOGDT011</logicalDatatype>
<ownDataTypeParameters>,,</ownDataTypeParameters>
</Attribute>
</attributes>
<identifiers itemClass="oracle.dbtools.crest.model.design.logical.CandidateKey">
<identifier id="A2F549F0-7D93-6BB6-39E3-13730559B824" name="ProcesoTerapeutico PK">
<createdBy>mario</createdBy>
<createdTime>2021-04-13 07:20:54 UTC</createdTime>
<ownerDesignName>Hospital</ownerDesignName>
<engineerTo>
<item key="01B53C2B-8648-5538-36BC-E1D90F267C67" value="true"/>
</engineerTo>
<pk>true</pk>
<usedAttributes>
<attributeRef>2FEFA474-752A-21E0-242A-70B2D5550370</attributeRef>
<attributeRef>3AB1113C-7C73-9EE3-E421-5B3E69607DA5</attributeRef>
</usedAttributes>
</identifier>
</identifiers>
</Entity>