<?xml version = '1.0' encoding = 'UTF-8'?>
<Entity class="oracle.dbtools.crest.model.design.logical.Entity" directorySegmentName="seg_0" id="BF199317-2AF6-36CE-11EA-E2F671752DAC" name="InsumoHospitalizacion">
<createdBy>marito</createdBy>
<createdTime>2021-04-13 19:33:59 UTC</createdTime>
<ownerDesignName>Hospital</ownerDesignName>
<engineerTo>
<item key="01B53C2B-8648-5538-36BC-E1D90F267C67" value="true"/>
</engineerTo>
<adequatelyNormalized>NO</adequatelyNormalized>
<expectedVolumes>0</expectedVolumes>
<fwdEngineeringStrategyName>Single Table</fwdEngineeringStrategyName>
<growthPercent>0</growthPercent>
<growthType>Year</growthType>
<maxVolumes>9999999</maxVolumes>
<minVolumes>0</minVolumes>
<normalForm>Third</normalForm>
<attributes itemClass="oracle.dbtools.crest.model.design.logical.Attribute">
<Attribute name="hospitalizacion_paciente" id="D3051493-824A-AD40-D1CA-FFEB841DE4CA">
<createdBy>marito</createdBy>
<createdTime>2021-04-13 19:34:14 UTC</createdTime>
<ownerDesignName>Hospital</ownerDesignName>
<engineerTo>
<item key="01B53C2B-8648-5538-36BC-E1D90F267C67" value="true"/>
</engineerTo>
<useDomainConstraints>false</useDomainConstraints>
<use>1</use>
<logicalDatatype>LOGDT011</logicalDatatype>
<ownDataTypeParameters>,,</ownDataTypeParameters>
</Attribute>
<Attribute name="descripcion" id="FB17BE3A-DC41-1CCF-A43C-6C9F50376145">
<createdBy>marito</createdBy>
<createdTime>2021-04-13 19:34:19 UTC</createdTime>
<ownerDesignName>Hospital</ownerDesignName>
<engineerTo>
<item key="01B53C2B-8648-5538-36BC-E1D90F267C67" value="true"/>
</engineerTo>
<useDomainConstraints>false</useDomainConstraints>
<use>1</use>
<logicalDatatype>LOGDT024</logicalDatatype>
<dataTypeSize>250</dataTypeSize>
<ownDataTypeParameters>250,,</ownDataTypeParameters>
</Attribute>
<Attribute name="precio" id="8030691D-AF5D-C1C5-F401-06B8155C5F47">
<createdBy>marito</createdBy>
<createdTime>2021-04-13 19:35:12 UTC</createdTime>
<ownerDesignName>Hospital</ownerDesignName>
<engineerTo>
<item key="01B53C2B-8648-5538-36BC-E1D90F267C67" value="true"/>
</engineerTo>
<useDomainConstraints>false</useDomainConstraints>
<use>1</use>
<logicalDatatype>LOGDT026</logicalDatatype>
<dataTypePrecision>2</dataTypePrecision>
<ownDataTypeParameters>,2,</ownDataTypeParameters>
</Attribute>
<Attribute name="id" id="E3DE887A-641D-1733-97AE-ABFCFD6DE6EA">
<createdBy>marito</createdBy>
<createdTime>2021-04-13 19:39:04 UTC</createdTime>
<generatorID>5B5E95EA-1AC6-F260-ABC5-10451CB5CA98</generatorID>
<ownerDesignName>Hospital</ownerDesignName>
<engineerTo>
<item key="01B53C2B-8648-5538-36BC-E1D90F267C67" value="true"/>
</engineerTo>
<referedAttribute>E026B291-715A-2598-CEA2-47FC0D03E071</referedAttribute>
<useDomainConstraints>false</useDomainConstraints>
<use>1</use>
<logicalDatatype>LOGDT011</logicalDatatype>
<ownDataTypeParameters>,,</ownDataTypeParameters>
</Attribute>
</attributes>
<identifiers itemClass="oracle.dbtools.crest.model.design.logical.CandidateKey">
<identifier id="9665B00D-9CD8-0E22-CC85-6AD8FFB9F064" name="InsumoHospitalizacion PK">
<createdBy>marito</createdBy>
<createdTime>2021-04-13 19:34:35 UTC</createdTime>
<ownerDesignName>Hospital</ownerDesignName>
<engineerTo>
<item key="01B53C2B-8648-5538-36BC-E1D90F267C67" value="true"/>
</engineerTo>
<pk>true</pk>
<usedAttributes>
<attributeRef>D3051493-824A-AD40-D1CA-FFEB841DE4CA</attributeRef>
<attributeRef>FB17BE3A-DC41-1CCF-A43C-6C9F50376145</attributeRef>
</usedAttributes>
</identifier>
</identifiers>
</Entity>