<?xml version = '1.0' encoding = 'UTF-8'?>
<Entity class="oracle.dbtools.crest.model.design.logical.Entity" directorySegmentName="seg_0" id="C91DE823-AFE1-76E5-277B-53B2D8E7D00B" name="AntecedenteNoPatologico">
<createdBy>mario</createdBy>
<createdTime>2021-04-13 08:57:00 UTC</createdTime>
<ownerDesignName>Hospital</ownerDesignName>
<engineerTo>
<item key="01B53C2B-8648-5538-36BC-E1D90F267C67" value="true"/>
</engineerTo>
<adequatelyNormalized>NO</adequatelyNormalized>
<expectedVolumes>0</expectedVolumes>
<fwdEngineeringStrategyName>Single Table</fwdEngineeringStrategyName>
<growthPercent>0</growthPercent>
<growthType>Year</growthType>
<maxVolumes>9999999</maxVolumes>
<minVolumes>0</minVolumes>
<normalForm>Third</normalForm>
<attributes itemClass="oracle.dbtools.crest.model.design.logical.Attribute">
<Attribute name="antedente" id="89523A32-9E85-254F-28C8-A2D38C8BA62A">
<createdBy>mario</createdBy>
<createdTime>2021-04-13 08:57:13 UTC</createdTime>
<ownerDesignName>Hospital</ownerDesignName>
<engineerTo>
<item key="01B53C2B-8648-5538-36BC-E1D90F267C67" value="true"/>
</engineerTo>
<useDomainConstraints>false</useDomainConstraints>
<use>1</use>
<logicalDatatype>LOGDT024</logicalDatatype>
<dataTypeSize>50</dataTypeSize>
<ownDataTypeParameters>50,,</ownDataTypeParameters>
</Attribute>
<Attribute name="interrogatorio" id="60F13C4B-09EE-DD47-C9C6-866DAEE4E31D">
<createdBy>mario</createdBy>
<createdTime>2021-04-13 08:57:33 UTC</createdTime>
<ownerDesignName>Hospital</ownerDesignName>
<engineerTo>
<item key="01B53C2B-8648-5538-36BC-E1D90F267C67" value="true"/>
</engineerTo>
<useDomainConstraints>false</useDomainConstraints>
<use>1</use>
<logicalDatatype>LOGDT011</logicalDatatype>
<ownDataTypeParameters>,,</ownDataTypeParameters>
</Attribute>
<Attribute name="cirugia" id="B7E1BF15-F972-1914-0AB2-94310EBAB3D2">
<createdBy>mario</createdBy>
<createdTime>2021-04-13 08:58:07 UTC</createdTime>
<generatorID>1890738F-F3DC-828A-EADD-254AF82D1724</generatorID>
<ownerDesignName>Hospital</ownerDesignName>
<engineerTo>
<item key="01B53C2B-8648-5538-36BC-E1D90F267C67" value="true"/>
</engineerTo>
<nullsAllowed>true</nullsAllowed>
<referedAttribute>6A7644B9-7F2B-6E2D-614D-A49ABEFCCF73</referedAttribute>
<useDomainConstraints>false</useDomainConstraints>
<use>1</use>
<logicalDatatype>LOGDT011</logicalDatatype>
<ownDataTypeParameters>,,</ownDataTypeParameters>
</Attribute>
</attributes>
<identifiers itemClass="oracle.dbtools.crest.model.design.logical.CandidateKey">
<identifier id="20DBDC95-998A-D088-EE94-2537295A5F8A" name="AntecedenteNoPatologico PK">
<createdBy>mario</createdBy>
<createdTime>2021-04-13 08:57:25 UTC</createdTime>
<ownerDesignName>Hospital</ownerDesignName>
<engineerTo>
<item key="01B53C2B-8648-5538-36BC-E1D90F267C67" value="true"/>
</engineerTo>
<pk>true</pk>
<usedAttributes>
<attributeRef>89523A32-9E85-254F-28C8-A2D38C8BA62A</attributeRef>
<attributeRef>60F13C4B-09EE-DD47-C9C6-866DAEE4E31D</attributeRef>
</usedAttributes>
</identifier>
</identifiers>
</Entity>