<?xml version = '1.0' encoding = 'UTF-8'?>
<Entity class="oracle.dbtools.crest.model.design.logical.Entity" directorySegmentName="seg_0" id="D77F30E6-2288-140A-53D3-CD69AB118489" name="AsignacionAyudante">
<createdBy>mario</createdBy>
<createdTime>2021-04-13 08:45:26 UTC</createdTime>
<ownerDesignName>Hospital</ownerDesignName>
<engineerTo>
<item key="01B53C2B-8648-5538-36BC-E1D90F267C67" value="true"/>
</engineerTo>
<adequatelyNormalized>NO</adequatelyNormalized>
<expectedVolumes>0</expectedVolumes>
<fwdEngineeringStrategyName>Single Table</fwdEngineeringStrategyName>
<growthPercent>0</growthPercent>
<growthType>Year</growthType>
<maxVolumes>9999999</maxVolumes>
<minVolumes>0</minVolumes>
<normalForm>Third</normalForm>
<attributes itemClass="oracle.dbtools.crest.model.design.logical.Attribute">
<Attribute name="ayudante" id="9640318C-7709-1C32-4BB0-DC40B751E284">
<createdBy>mario</createdBy>
<createdTime>2021-04-13 08:45:41 UTC</createdTime>
<ownerDesignName>Hospital</ownerDesignName>
<engineerTo>
<item key="01B53C2B-8648-5538-36BC-E1D90F267C67" value="true"/>
</engineerTo>
<useDomainConstraints>false</useDomainConstraints>
<use>1</use>
<logicalDatatype>LOGDT011</logicalDatatype>
<ownDataTypeParameters>,,</ownDataTypeParameters>
</Attribute>
<Attribute name="cirugia" id="EAF4BE5A-BD09-1292-2F10-D3EA7516FBD9">
<createdBy>mario</createdBy>
<createdTime>2021-04-13 08:45:44 UTC</createdTime>
<ownerDesignName>Hospital</ownerDesignName>
<engineerTo>
<item key="01B53C2B-8648-5538-36BC-E1D90F267C67" value="true"/>
</engineerTo>
<useDomainConstraints>false</useDomainConstraints>
<use>1</use>
<logicalDatatype>LOGDT011</logicalDatatype>
<ownDataTypeParameters>,,</ownDataTypeParameters>
</Attribute>
<Attribute name="dpi" id="59F160A8-878E-8626-87D3-CFAAC9444B61">
<createdBy>mario</createdBy>
<createdTime>2021-04-13 08:47:18 UTC</createdTime>
<generatorID>19A4FCF3-BBCE-0AA2-4109-62760CF5F4C4</generatorID>
<ownerDesignName>Hospital</ownerDesignName>
<engineerTo>
<item key="01B53C2B-8648-5538-36BC-E1D90F267C67" value="true"/>
</engineerTo>
<referedAttribute>6ED99B69-70FA-4DD5-0501-67748D964065</referedAttribute>
<useDomainConstraints>false</useDomainConstraints>
<use>1</use>
<logicalDatatype>LOGDT025</logicalDatatype>
<dataTypeSize>9</dataTypeSize>
<ownDataTypeParameters>,,</ownDataTypeParameters>
</Attribute>
<Attribute name="id" id="3B139B7B-CD93-0EA7-6116-84F22F3CA454">
<createdBy>mario</createdBy>
<createdTime>2021-04-13 08:47:36 UTC</createdTime>
<generatorID>2737C1B3-BA2F-D188-C0E1-E461D2FDFC94</generatorID>
<ownerDesignName>Hospital</ownerDesignName>
<engineerTo>
<item key="01B53C2B-8648-5538-36BC-E1D90F267C67" value="true"/>
</engineerTo>
<nullsAllowed>true</nullsAllowed>
<referedAttribute>BCFB449E-FA8A-3D4C-DBDE-5F21E5FE2B2D</referedAttribute>
<useDomainConstraints>false</useDomainConstraints>
<use>1</use>
<logicalDatatype>LOGDT011</logicalDatatype>
<ownDataTypeParameters>,,</ownDataTypeParameters>
</Attribute>
</attributes>
<identifiers itemClass="oracle.dbtools.crest.model.design.logical.CandidateKey">
<identifier id="3257C2B3-AB6C-E919-ACB6-A2042878E5CB" name="AsignacionAyudante PK">
<createdBy>mario</createdBy>
<createdTime>2021-04-13 08:46:09 UTC</createdTime>
<ownerDesignName>Hospital</ownerDesignName>
<engineerTo>
<item key="01B53C2B-8648-5538-36BC-E1D90F267C67" value="true"/>
</engineerTo>
<pk>true</pk>
<usedAttributes>
<attributeRef>9640318C-7709-1C32-4BB0-DC40B751E284</attributeRef>
<attributeRef>EAF4BE5A-BD09-1292-2F10-D3EA7516FBD9</attributeRef>
</usedAttributes>
</identifier>
</identifiers>
</Entity>