<?xml version = '1.0' encoding = 'UTF-8'?>
<Entity class="oracle.dbtools.crest.model.design.logical.Entity" directorySegmentName="seg_0" id="D809EC1A-BBD7-EC2A-E34D-9E4CEE2216CC" name="Insumo">
<createdBy>mario</createdBy>
<createdTime>2021-04-13 09:30:10 UTC</createdTime>
<ownerDesignName>Hospital</ownerDesignName>
<engineerTo>
<item key="01B53C2B-8648-5538-36BC-E1D90F267C67" value="true"/>
</engineerTo>
<adequatelyNormalized>NO</adequatelyNormalized>
<expectedVolumes>0</expectedVolumes>
<fwdEngineeringStrategyName>Single Table</fwdEngineeringStrategyName>
<growthPercent>0</growthPercent>
<growthType>Year</growthType>
<maxVolumes>9999999</maxVolumes>
<minVolumes>0</minVolumes>
<normalForm>Third</normalForm>
<attributes itemClass="oracle.dbtools.crest.model.design.logical.Attribute">
<Attribute name="agendamiento" id="C5905B81-C680-896F-475B-1E0CED232047">
<createdBy>mario</createdBy>
<createdTime>2021-04-13 09:30:17 UTC</createdTime>
<ownerDesignName>Hospital</ownerDesignName>
<engineerTo>
<item key="01B53C2B-8648-5538-36BC-E1D90F267C67" value="true"/>
</engineerTo>
<useDomainConstraints>false</useDomainConstraints>
<use>1</use>
<logicalDatatype>LOGDT011</logicalDatatype>
<ownDataTypeParameters>,,</ownDataTypeParameters>
</Attribute>
<Attribute name="nombre" id="222340EF-C490-E57E-8B72-A0CCE631F516">
<createdBy>mario</createdBy>
<createdTime>2021-04-13 09:30:26 UTC</createdTime>
<ownerDesignName>Hospital</ownerDesignName>
<engineerTo>
<item key="01B53C2B-8648-5538-36BC-E1D90F267C67" value="true"/>
</engineerTo>
<useDomainConstraints>false</useDomainConstraints>
<use>1</use>
<logicalDatatype>LOGDT024</logicalDatatype>
<dataTypeSize>50</dataTypeSize>
<ownDataTypeParameters>50,,</ownDataTypeParameters>
</Attribute>
<Attribute name="descripcion" id="DE502A4A-4FCB-48AA-BA5F-A8B2290C1C18">
<createdBy>mario</createdBy>
<createdTime>2021-04-13 09:30:43 UTC</createdTime>
<ownerDesignName>Hospital</ownerDesignName>
<engineerTo>
<item key="01B53C2B-8648-5538-36BC-E1D90F267C67" value="true"/>
</engineerTo>
<useDomainConstraints>false</useDomainConstraints>
<use>1</use>
<logicalDatatype>LOGDT040</logicalDatatype>
<ownDataTypeParameters>,,</ownDataTypeParameters>
</Attribute>
<Attribute name="material" id="567C7819-67D3-7C5E-9802-79FCA32B26DD">
<createdBy>mario</createdBy>
<createdTime>2021-04-13 09:31:00 UTC</createdTime>
<ownerDesignName>Hospital</ownerDesignName>
<engineerTo>
<item key="01B53C2B-8648-5538-36BC-E1D90F267C67" value="true"/>
</engineerTo>
<useDomainConstraints>false</useDomainConstraints>
<use>1</use>
<logicalDatatype>LOGDT024</logicalDatatype>
<dataTypeSize>30</dataTypeSize>
<ownDataTypeParameters>30,,</ownDataTypeParameters>
</Attribute>
<Attribute name="tipo" id="42340CE9-FE43-CBA2-6FDA-101FA4D5F730">
<createdBy>mario</createdBy>
<createdTime>2021-04-13 09:31:17 UTC</createdTime>
<ownerDesignName>Hospital</ownerDesignName>
<engineerTo>
<item key="01B53C2B-8648-5538-36BC-E1D90F267C67" value="true"/>
</engineerTo>
<useDomainConstraints>false</useDomainConstraints>
<use>1</use>
<logicalDatatype>LOGDT011</logicalDatatype>
<ownDataTypeParameters>,,</ownDataTypeParameters>
</Attribute>
<Attribute name="id" id="BCEBACF8-68E4-A3EE-A7BC-CE6162D98267">
<createdBy>mario</createdBy>
<createdTime>2021-04-13 09:31:39 UTC</createdTime>
<generatorID>BA9ED16C-BF9C-C7DF-31FE-E145F95618F0</generatorID>
<ownerDesignName>Hospital</ownerDesignName>
<engineerTo>
<item key="01B53C2B-8648-5538-36BC-E1D90F267C67" value="true"/>
</engineerTo>
<nullsAllowed>true</nullsAllowed>
<referedAttribute>80A04F5A-AA56-8320-72FD-51AB70032064</referedAttribute>
<useDomainConstraints>false</useDomainConstraints>
<use>1</use>
<logicalDatatype>LOGDT011</logicalDatatype>
<ownDataTypeParameters>,,</ownDataTypeParameters>
</Attribute>
<Attribute name="preoperatoria" id="39217ECD-C454-84D4-201E-8DAD6382BC6C">
<createdBy>mario</createdBy>
<createdTime>2021-04-13 09:32:11 UTC</createdTime>
<generatorID>129BBF37-AFA7-4B45-E7B4-B49FD91D6487</generatorID>
<ownerDesignName>Hospital</ownerDesignName>
<engineerTo>
<item key="01B53C2B-8648-5538-36BC-E1D90F267C67" value="true"/>
</engineerTo>
<nullsAllowed>true</nullsAllowed>
<referedAttribute>BA503BB3-6437-A490-C9A9-76C48D9FE306</referedAttribute>
<useDomainConstraints>false</useDomainConstraints>
<use>1</use>
<logicalDatatype>LOGDT011</logicalDatatype>
<ownDataTypeParameters>,,</ownDataTypeParameters>
</Attribute>
</attributes>
<identifiers itemClass="oracle.dbtools.crest.model.design.logical.CandidateKey">
<identifier id="509D11EC-29F2-7E12-8670-78E068FB0EA8" name="Insumo PK">
<createdBy>mario</createdBy>
<createdTime>2021-04-13 09:30:25 UTC</createdTime>
<ownerDesignName>Hospital</ownerDesignName>
<engineerTo>
<item key="01B53C2B-8648-5538-36BC-E1D90F267C67" value="true"/>
</engineerTo>
<pk>true</pk>
<usedAttributes>
<attributeRef>C5905B81-C680-896F-475B-1E0CED232047</attributeRef>
<attributeRef>222340EF-C490-E57E-8B72-A0CCE631F516</attributeRef>
</usedAttributes>
</identifier>
</identifiers>
</Entity>