<?xml version = '1.0' encoding = 'UTF-8'?>
<Entity class="oracle.dbtools.crest.model.design.logical.Entity" directorySegmentName="seg_0" id="F3DD266B-4FB7-AED6-6B56-A84C9271FF5E" name="DiagnosticoSecundario">
<createdBy>mario</createdBy>
<createdTime>2021-04-12 23:15:59 UTC</createdTime>
<ownerDesignName>Hospital</ownerDesignName>
<engineerTo>
<item key="01B53C2B-8648-5538-36BC-E1D90F267C67" value="true"/>
</engineerTo>
<adequatelyNormalized>NO</adequatelyNormalized>
<expectedVolumes>0</expectedVolumes>
<fwdEngineeringStrategyName>Single Table</fwdEngineeringStrategyName>
<growthPercent>0</growthPercent>
<growthType>Year</growthType>
<maxVolumes>9999999</maxVolumes>
<minVolumes>0</minVolumes>
<normalForm>Third</normalForm>
<attributes itemClass="oracle.dbtools.crest.model.design.logical.Attribute">
<Attribute name="egreso" id="B094FCAE-3A48-FE6A-4C89-6FF4F3C507DC">
<createdBy>mario</createdBy>
<createdTime>2021-04-12 23:16:06 UTC</createdTime>
<ownerDesignName>Hospital</ownerDesignName>
<engineerTo>
<item key="01B53C2B-8648-5538-36BC-E1D90F267C67" value="true"/>
</engineerTo>
<useDomainConstraints>false</useDomainConstraints>
<use>1</use>
<logicalDatatype>LOGDT011</logicalDatatype>
<ownDataTypeParameters>,,</ownDataTypeParameters>
</Attribute>
<Attribute name="diagnostico" id="9AF7D5B1-68A9-FA1B-3CCC-B4C8ED5DDB25">
<createdBy>mario</createdBy>
<createdTime>2021-04-12 23:16:12 UTC</createdTime>
<ownerDesignName>Hospital</ownerDesignName>
<engineerTo>
<item key="01B53C2B-8648-5538-36BC-E1D90F267C67" value="true"/>
</engineerTo>
<useDomainConstraints>false</useDomainConstraints>
<use>1</use>
<logicalDatatype>LOGDT024</logicalDatatype>
<dataTypeSize>100</dataTypeSize>
<ownDataTypeParameters>100,,</ownDataTypeParameters>
</Attribute>
<Attribute name="id_ficha" id="E893BA43-6417-71DB-7F2B-55221FC30616">
<createdBy>mario</createdBy>
<createdTime>2021-04-12 23:17:08 UTC</createdTime>
<generatorID>74DF6ADC-640A-5F78-7CEC-743D6F1C93D9</generatorID>
<ownerDesignName>Hospital</ownerDesignName>
<engineerTo>
<item key="01B53C2B-8648-5538-36BC-E1D90F267C67" value="true"/>
</engineerTo>
<referedAttribute>F0BDBCC5-6507-640F-0053-97244BB1CB55</referedAttribute>
<useDomainConstraints>false</useDomainConstraints>
<use>1</use>
<logicalDatatype>LOGDT011</logicalDatatype>
<ownDataTypeParameters>,,</ownDataTypeParameters>
</Attribute>
</attributes>
<identifiers itemClass="oracle.dbtools.crest.model.design.logical.CandidateKey">
<identifier id="406B2ACA-AC50-2288-651E-75473ABCEF96" name="DiagnosticoSecundario PK">
<createdBy>mario</createdBy>
<createdTime>2021-04-12 23:16:43 UTC</createdTime>
<ownerDesignName>Hospital</ownerDesignName>
<engineerTo>
<item key="01B53C2B-8648-5538-36BC-E1D90F267C67" value="true"/>
</engineerTo>
<pk>true</pk>
<usedAttributes>
<attributeRef>B094FCAE-3A48-FE6A-4C89-6FF4F3C507DC</attributeRef>
<attributeRef>9AF7D5B1-68A9-FA1B-3CCC-B4C8ED5DDB25</attributeRef>
</usedAttributes>
</identifier>
</identifiers>
</Entity>