<?xml version = '1.0' encoding = 'UTF-8'?>
<Entity class="oracle.dbtools.crest.model.design.logical.Entity" directorySegmentName="seg_0" id="FF0BBEFF-7E8C-B800-4343-88B5CF1A9389" name="Instrumento">
<createdBy>mario</createdBy>
<createdTime>2021-04-13 09:33:34 UTC</createdTime>
<ownerDesignName>Hospital</ownerDesignName>
<engineerTo>
<item key="01B53C2B-8648-5538-36BC-E1D90F267C67" value="true"/>
</engineerTo>
<adequatelyNormalized>NO</adequatelyNormalized>
<expectedVolumes>0</expectedVolumes>
<fwdEngineeringStrategyName>Single Table</fwdEngineeringStrategyName>
<growthPercent>0</growthPercent>
<growthType>Year</growthType>
<maxVolumes>9999999</maxVolumes>
<minVolumes>0</minVolumes>
<normalForm>Third</normalForm>
<attributes itemClass="oracle.dbtools.crest.model.design.logical.Attribute">
<Attribute name="agendamiento" id="BFD0B483-51D8-5838-D605-F64B9501A911">
<createdBy>mario</createdBy>
<createdTime>2021-04-13 09:33:41 UTC</createdTime>
<ownerDesignName>Hospital</ownerDesignName>
<engineerTo>
<item key="01B53C2B-8648-5538-36BC-E1D90F267C67" value="true"/>
</engineerTo>
<useDomainConstraints>false</useDomainConstraints>
<use>1</use>
<logicalDatatype>LOGDT011</logicalDatatype>
<ownDataTypeParameters>,,</ownDataTypeParameters>
</Attribute>
<Attribute name="nombre" id="89DE9E9E-3D2D-905E-7C2E-E7484EEED103">
<createdBy>mario</createdBy>
<createdTime>2021-04-13 09:33:50 UTC</createdTime>
<ownerDesignName>Hospital</ownerDesignName>
<engineerTo>
<item key="01B53C2B-8648-5538-36BC-E1D90F267C67" value="true"/>
</engineerTo>
<useDomainConstraints>false</useDomainConstraints>
<use>1</use>
<logicalDatatype>LOGDT024</logicalDatatype>
<dataTypeSize>50</dataTypeSize>
<ownDataTypeParameters>50,,</ownDataTypeParameters>
</Attribute>
<Attribute name="descripcion" id="A042AE11-520D-492D-D820-C6C8A2B82751">
<createdBy>mario</createdBy>
<createdTime>2021-04-13 09:34:01 UTC</createdTime>
<ownerDesignName>Hospital</ownerDesignName>
<engineerTo>
<item key="01B53C2B-8648-5538-36BC-E1D90F267C67" value="true"/>
</engineerTo>
<useDomainConstraints>false</useDomainConstraints>
<use>1</use>
<logicalDatatype>LOGDT040</logicalDatatype>
<ownDataTypeParameters>,,</ownDataTypeParameters>
</Attribute>
<Attribute name="tipo" id="6EFC216F-6E48-8FC9-3423-70E7AE57851E">
<createdBy>mario</createdBy>
<createdTime>2021-04-13 09:34:16 UTC</createdTime>
<ownerDesignName>Hospital</ownerDesignName>
<engineerTo>
<item key="01B53C2B-8648-5538-36BC-E1D90F267C67" value="true"/>
</engineerTo>
<useDomainConstraints>false</useDomainConstraints>
<use>1</use>
<logicalDatatype>LOGDT011</logicalDatatype>
<ownDataTypeParameters>,,</ownDataTypeParameters>
</Attribute>
<Attribute name="funcion" id="60965F3D-BD44-B4DC-1BED-4A82276DB7F6">
<createdBy>mario</createdBy>
<createdTime>2021-04-13 09:34:26 UTC</createdTime>
<ownerDesignName>Hospital</ownerDesignName>
<engineerTo>
<item key="01B53C2B-8648-5538-36BC-E1D90F267C67" value="true"/>
</engineerTo>
<useDomainConstraints>false</useDomainConstraints>
<use>1</use>
<logicalDatatype>LOGDT011</logicalDatatype>
<ownDataTypeParameters>,,</ownDataTypeParameters>
</Attribute>
<Attribute name="id" id="E2A7DEDE-B499-1434-4FC1-54FA20E55CC2">
<createdBy>mario</createdBy>
<createdTime>2021-04-13 09:35:38 UTC</createdTime>
<generatorID>A46AE38E-4690-2C27-2306-D84A1B32A2AD</generatorID>
<ownerDesignName>Hospital</ownerDesignName>
<engineerTo>
<item key="01B53C2B-8648-5538-36BC-E1D90F267C67" value="true"/>
</engineerTo>
<nullsAllowed>true</nullsAllowed>
<referedAttribute>04CB8621-E760-04F8-3B27-8225486C0C17</referedAttribute>
<useDomainConstraints>false</useDomainConstraints>
<use>1</use>
<logicalDatatype>LOGDT011</logicalDatatype>
<ownDataTypeParameters>,,</ownDataTypeParameters>
</Attribute>
<Attribute name="preoperatoria" id="9E7423DE-C87A-C752-4121-A0143F81C653">
<createdBy>mario</createdBy>
<createdTime>2021-04-13 09:36:30 UTC</createdTime>
<generatorID>4AE3070A-0ACD-0B22-DD1C-A4BEDC96D321</generatorID>
<ownerDesignName>Hospital</ownerDesignName>
<engineerTo>
<item key="01B53C2B-8648-5538-36BC-E1D90F267C67" value="true"/>
</engineerTo>
<nullsAllowed>true</nullsAllowed>
<referedAttribute>BA503BB3-6437-A490-C9A9-76C48D9FE306</referedAttribute>
<useDomainConstraints>false</useDomainConstraints>
<use>1</use>
<logicalDatatype>LOGDT011</logicalDatatype>
<ownDataTypeParameters>,,</ownDataTypeParameters>
</Attribute>
</attributes>
<identifiers itemClass="oracle.dbtools.crest.model.design.logical.CandidateKey">
<identifier id="78F85D5A-6157-3E61-B719-E066CAD211D2" name="Instrumento PK">
<createdBy>mario</createdBy>
<createdTime>2021-04-13 09:33:50 UTC</createdTime>
<ownerDesignName>Hospital</ownerDesignName>
<engineerTo>
<item key="01B53C2B-8648-5538-36BC-E1D90F267C67" value="true"/>
</engineerTo>
<pk>true</pk>
<usedAttributes>
<attributeRef>BFD0B483-51D8-5838-D605-F64B9501A911</attributeRef>
<attributeRef>89DE9E9E-3D2D-905E-7C2E-E7484EEED103</attributeRef>
</usedAttributes>
</identifier>
</identifiers>
</Entity>