<?xml version = '1.0' encoding = 'UTF-8'?>
<Diagram class="oracle.dbtools.crest.swingui.logical.DPVLogical" name="Logical" id="61718194-6130-8741-1593-6E0310DFF292">
<createdBy>mario</createdBy>
<modifiedBy>mario</modifiedBy>
<createdTime>2021-04-10 16:32:52 UTC</createdTime>
<autoRoute>false</autoRoute>
<boxInbox>true</boxInbox>
<showLegend>false</showLegend>
<showLabels>false</showLabels>
<showRelAttributes>false</showRelAttributes>
<gridEnabled>false</gridEnabled>
<showGrid>false</showGrid>
<diagramColor>-1</diagramColor>
<display>false</display>
<notation>1</notation>
<objectViews>
<OView class="oracle.dbtools.crest.swingui.logical.TVEntity" oid="018907D9-AC1C-C044-79DD-64645D6E1AD2" otype="Entity" vid="8E78F0E7-339B-3671-8751-640AF24D5780">
<hideElementsInCurrentOnly>false</hideElementsInCurrentOnly>
<bounds x="1708" y="1362" width="170" height="175"/>
</OView>
<OView class="oracle.dbtools.crest.swingui.logical.TVEntity" oid="0579DE4E-2A03-DE4B-62A7-08E3D8F72ED1" otype="Entity" vid="96CB8B69-F6E1-1A94-DD2E-ACC178AE0DD2">
<hideElementsInCurrentOnly>false</hideElementsInCurrentOnly>
<bounds x="1442" y="765" width="170" height="209"/>
</OView>
<OView class="oracle.dbtools.crest.swingui.logical.TVEntity" oid="06B68DD2-353B-3233-2AB2-07CDF062824B" otype="Entity" vid="ACC33C36-862C-EFDF-FA56-F86563D5D425">
<hideElementsInCurrentOnly>false</hideElementsInCurrentOnly>
<bounds x="1215" y="601" width="170" height="75"/>
</OView>
<OView class="oracle.dbtools.crest.swingui.logical.TVEntity" oid="0860CAEE-5ABF-83D7-6432-B11BF9896332" otype="Entity" vid="F5D59FC4-7E83-412F-D28E-A21C7C7FC5CD">
<hideElementsInCurrentOnly>false</hideElementsInCurrentOnly>
<bounds x="925" y="1590" width="170" height="61"/>
</OView>
<OView class="oracle.dbtools.crest.swingui.logical.TVEntity" oid="08C3DCF5-4B62-3593-AD1D-C64CA4E6BB45" otype="Entity" vid="29FC06E0-A127-E450-B1C8-21EB3B16CE13">
<hideElementsInCurrentOnly>false</hideElementsInCurrentOnly>
<bounds x="2039" y="462" width="170" height="76"/>
</OView>
<OView class="oracle.dbtools.crest.swingui.logical.TVEntity" oid="0C6C1643-ED10-A857-6618-6D48449ACD12" otype="Entity" vid="C2C68E35-C4BA-756D-EAB8-338A9BB9D99E">
<hideElementsInCurrentOnly>false</hideElementsInCurrentOnly>
<bounds x="1435" y="490" width="170" height="116"/>
</OView>
<OView class="oracle.dbtools.crest.swingui.logical.TVEntity" oid="1345931E-217B-8008-880E-201D4D611666" otype="Entity" vid="0089DC9A-D850-B289-3CD9-BD92CF98D5BA">
<hideElementsInCurrentOnly>false</hideElementsInCurrentOnly>
<bounds x="703" y="786" width="196" height="254"/>
</OView>
<OView class="oracle.dbtools.crest.swingui.logical.TVEntity" oid="21E7CFE2-F3EF-7317-9133-43E27A6F5048" otype="Entity" vid="04F19D7B-EDDF-26E0-1033-82D8D1A88AE5">
<hideElementsInCurrentOnly>false</hideElementsInCurrentOnly>
<bounds x="1729" y="1870" width="170" height="79"/>
</OView>
<OView class="oracle.dbtools.crest.swingui.logical.TVEntity" oid="227FFCBD-4429-6EF6-F9EA-7D4CF5CEA24B" otype="Entity" vid="E3AD16B5-A2F9-A32D-911E-F0874511AAB6">
<hideElementsInCurrentOnly>false</hideElementsInCurrentOnly>
<bounds x="2693" y="1212" width="170" height="59"/>
</OView>
<OView class="oracle.dbtools.crest.swingui.logical.TVEntity" oid="24896BA9-AA39-7029-3051-936AC58F8ACE" otype="Entity" vid="F9EBF074-6688-23FE-6BB9-C50D2AC796AA">
<hideElementsInCurrentOnly>false</hideElementsInCurrentOnly>
<bounds x="934" y="1372" width="178" height="62"/>
</OView>
<OView class="oracle.dbtools.crest.swingui.logical.TVEntity" oid="285A098A-C017-032F-81A1-90DC396C66CC" otype="Entity" vid="E50A2E2F-A2EC-B115-6A72-270879017BB1">
<hideElementsInCurrentOnly>false</hideElementsInCurrentOnly>
<bounds x="671" y="1092" width="170" height="118"/>
</OView>
<OView class="oracle.dbtools.crest.swingui.logical.TVEntity" oid="2C538D33-7E56-604F-1118-F11F39C961C2" otype="Entity" vid="FE5A35F2-764E-AFF6-3263-F3A8489A9CA4">
<hideElementsInCurrentOnly>false</hideElementsInCurrentOnly>
<bounds x="2742" y="684" width="170" height="69"/>
</OView>
<OView class="oracle.dbtools.crest.swingui.logical.TVEntity" oid="2D38B4A5-DD8B-390A-8469-6D10CDC1385A" otype="Entity" vid="6E335D3E-AC08-7ABC-2383-0A8F557F246A">
<hideElementsInCurrentOnly>false</hideElementsInCurrentOnly>
<bounds x="2329" y="712" width="170" height="62"/>
</OView>
<OView class="oracle.dbtools.crest.swingui.logical.TVEntity" oid="30C859C5-7C53-4B03-25CE-5FBDE4BF142F" otype="Entity" vid="8B33322F-D608-E1AE-F774-97ED059F6628">
<hideElementsInCurrentOnly>false</hideElementsInCurrentOnly>
<bounds x="2106" y="1271" width="170" height="67"/>
</OView>
<OView class="oracle.dbtools.crest.swingui.logical.TVEntity" oid="334E2DC4-5A29-8648-7D4C-19560D1295C7" otype="Entity" vid="495D3EA3-F348-6337-7288-31E6804583FB">
<hideElementsInCurrentOnly>false</hideElementsInCurrentOnly>
<bounds x="1704" y="1652" width="170" height="50"/>
</OView>
<OView class="oracle.dbtools.crest.swingui.logical.TVEntity" oid="34437820-3474-6BE5-9268-81BEF8983E65" otype="Entity" vid="D143A0A6-C880-02F3-2CAC-BF21530C77DD">
<hideElementsInCurrentOnly>false</hideElementsInCurrentOnly>
<bounds x="2860" y="1453" width="170" height="61"/>
</OView>
<OView class="oracle.dbtools.crest.swingui.logical.TVEntity" oid="3C24581D-62DB-6C51-B041-F9AF20B550A7" otype="Entity" vid="5A930FA4-2ACD-B6C8-F049-0457DDE03F7A">
<hideElementsInCurrentOnly>false</hideElementsInCurrentOnly>
<bounds x="2468" y="574" width="170" height="60"/>
</OView>
<OView class="oracle.dbtools.crest.swingui.logical.TVEntity" oid="3E109DFC-9722-379B-9587-A9208839B903" otype="Entity" vid="C02601FB-AB39-6443-B2FD-95A6769CAB2C">
<hideElementsInCurrentOnly>false</hideElementsInCurrentOnly>
<bounds x="1403" y="1774" width="170" height="57"/>
</OView>
<OView class="oracle.dbtools.crest.swingui.logical.TVEntity" oid="44C7EC72-8708-5960-F049-3D4009F1C934" otype="Entity" vid="A5F00E55-42BE-0E42-62F5-ECE0C4D2FF3E">
<hideElementsInCurrentOnly>false</hideElementsInCurrentOnly>
<bounds x="724" y="238" width="170" height="58"/>
</OView>
<OView class="oracle.dbtools.crest.swingui.logical.TVEntity" oid="47397A3D-B3C5-DD7D-1379-64AC7AB526BD" otype="Entity" vid="0D8CFD6B-71BB-8220-3555-ABAEC45D821E">
<hideElementsInCurrentOnly>false</hideElementsInCurrentOnly>
<bounds x="2028" y="1377" width="170" height="97"/>
</OView>
<OView class="oracle.dbtools.crest.swingui.logical.TVEntity" oid="48F07737-5711-D50E-876A-86185E303022" otype="Entity" vid="970333F5-EDBD-B57C-9F8F-57C8AAAE18A9">
<hideElementsInCurrentOnly>false</hideElementsInCurrentOnly>
<bounds x="1206" y="1774" width="170" height="60"/>
</OView>
<OView class="oracle.dbtools.crest.swingui.logical.TVEntity" oid="4979F095-5243-8CBE-6B94-11DC22F65F35" otype="Entity" vid="2A8222C1-2363-DF8D-103A-B4855A0B7049">
<hideElementsInCurrentOnly>false</hideElementsInCurrentOnly>
<bounds x="341" y="1047" width="169" height="66"/>
</OView>
<OView class="oracle.dbtools.crest.swingui.logical.TVEntity" oid="4E9D2A64-6266-CA8B-0888-769701AC44D8" otype="Entity" vid="80570771-FB65-1015-04BF-C77E0AA1AD2A">
<hideElementsInCurrentOnly>false</hideElementsInCurrentOnly>
<bounds x="2407" y="1443" width="170" height="61"/>
</OView>
<OView class="oracle.dbtools.crest.swingui.logical.TVEntity" oid="56E8FC01-1865-16EB-40EB-7A3D5046FC46" otype="Entity" vid="0A17D521-5C3C-30C3-B496-B11F725D9B36">
<hideElementsInCurrentOnly>false</hideElementsInCurrentOnly>
<bounds x="3024" y="609" width="170" height="101"/>
</OView>
<OView class="oracle.dbtools.crest.swingui.logical.TVEntity" oid="581785FE-E07C-7B8D-3836-93E187DABB8D" otype="Entity" vid="989E8641-3BCC-4B05-1756-81F293F9FBF8">
<hideElementsInCurrentOnly>false</hideElementsInCurrentOnly>
<bounds x="2377" y="909" width="170" height="199"/>
</OView>
<OView class="oracle.dbtools.crest.swingui.logical.TVEntity" oid="5E1295B9-4D29-7FE1-44BD-1E63C28BBAE3" otype="Entity" vid="9791AE70-6571-ABE1-1EA3-B341414BB0E9">
<hideElementsInCurrentOnly>false</hideElementsInCurrentOnly>
<bounds x="1261" y="373" width="170" height="60"/>
</OView>
<OView class="oracle.dbtools.crest.swingui.logical.TVEntity" oid="6476613A-B9F1-F1CA-9C4D-54B5BA313BB4" otype="Entity" vid="33C6C8C9-469E-94E5-09DB-1775F0964E2A">
<hideElementsInCurrentOnly>false</hideElementsInCurrentOnly>
<bounds x="1179" y="791" width="170" height="135"/>
</OView>
<OView class="oracle.dbtools.crest.swingui.logical.TVEntity" oid="6563E579-5113-6801-9938-509A7F433126" otype="Entity" vid="F00B923E-846A-DE97-FE36-4950D1073B1D">
<hideElementsInCurrentOnly>false</hideElementsInCurrentOnly>
<bounds x="1713" y="1731" width="170" height="71"/>
</OView>
<OView class="oracle.dbtools.crest.swingui.logical.TVEntity" oid="6BC5AA11-9A73-AB0D-228F-E26949259C52" otype="Entity" vid="39570BDD-E68E-3ACA-7983-4F3EBB8B544F">
<hideElementsInCurrentOnly>false</hideElementsInCurrentOnly>
<bounds x="1549" y="1839" width="174" height="57"/>
</OView>
<OView class="oracle.dbtools.crest.swingui.logical.TVEntity" oid="6CFDEFA8-BFB3-B574-C0B2-A9E7736E771B" otype="Entity" vid="C92B45E8-028F-09A9-7339-88E492657C29">
<hideElementsInCurrentOnly>false</hideElementsInCurrentOnly>
<bounds x="1023" y="1764" width="170" height="61"/>
</OView>
<OView class="oracle.dbtools.crest.swingui.logical.TVEntity" oid="70ABFB41-A40E-9212-6DD5-6311441A09C3" otype="Entity" vid="2D030C88-2723-45B3-181F-70EC1410CACF">
<hideElementsInCurrentOnly>false</hideElementsInCurrentOnly>
<bounds x="977" y="1670" width="170" height="63"/>
</OView>
<OView class="oracle.dbtools.crest.swingui.logical.TVEntity" oid="754FB914-2D61-6468-5CF4-F20709876927" otype="Entity" vid="74698905-03BE-2960-B486-98537ACA613F">
<hideElementsInCurrentOnly>false</hideElementsInCurrentOnly>
<bounds x="2482" y="1727" width="170" height="111"/>
</OView>
<OView class="oracle.dbtools.crest.swingui.logical.TVEntity" oid="775C0D82-C064-245D-4605-7F7FF044192C" otype="Entity" vid="FFE7BB04-E6D4-CD9F-6D67-8DB1E6A4DE68">
<hideElementsInCurrentOnly>false</hideElementsInCurrentOnly>
<bounds x="1743" y="492" width="170" height="79"/>
</OView>
<OView class="oracle.dbtools.crest.swingui.logical.TVEntity" oid="81849ECB-C40A-46A4-BF4C-50860CC16E02" otype="Entity" vid="A804E566-DC56-909E-C98E-A7CCC721B19F">
<hideElementsInCurrentOnly>false</hideElementsInCurrentOnly>
<bounds x="1365" y="1204" width="170" height="128"/>
</OView>
<OView class="oracle.dbtools.crest.swingui.logical.TVEntity" oid="8506E10F-72C0-9133-1BB7-6E4681616005" otype="Entity" vid="F35ABF5B-4955-BD5B-30FC-EA464CFDEC66">
<hideElementsInCurrentOnly>false</hideElementsInCurrentOnly>
<bounds x="3027" y="452" width="170" height="71"/>
</OView>
<OView class="oracle.dbtools.crest.swingui.logical.TVEntity" oid="8CD12CE6-7C56-388A-AC3A-CBD245E149F4" otype="Entity" vid="4BAF1873-CC79-4264-B93B-9394C01A008F">
<hideElementsInCurrentOnly>false</hideElementsInCurrentOnly>
<bounds x="2552" y="454" width="170" height="64"/>
</OView>
<OView class="oracle.dbtools.crest.swingui.logical.TVEntity" oid="91EAF953-407A-204B-D8BE-17179C51BCDB" otype="Entity" vid="4BB54682-1205-8F52-5C45-E9F06D850204">
<hideElementsInCurrentOnly>false</hideElementsInCurrentOnly>
<bounds x="2307" y="323" width="170" height="61"/>
</OView>
<OView class="oracle.dbtools.crest.swingui.logical.TVEntity" oid="9A2D2465-FC3F-F199-7943-767F0A07A2AC" otype="Entity" vid="FA37B57F-8DEC-7694-189A-FDD08707F18B">
<hideElementsInCurrentOnly>false</hideElementsInCurrentOnly>
<bounds x="919" y="1156" width="170" height="111"/>
</OView>
<OView class="oracle.dbtools.crest.swingui.logical.TVEntity" oid="9BB0194F-5869-5AB8-C9C5-C3B0181584AD" otype="Entity" vid="2375CC25-96FB-AC89-BA6C-042CD11E3723">
<hideElementsInCurrentOnly>false</hideElementsInCurrentOnly>
<bounds x="2713" y="284" width="170" height="72"/>
</OView>
<OView class="oracle.dbtools.crest.swingui.logical.TVEntity" oid="9E276E6B-0511-0E75-8E63-D742E069492A" otype="Entity" vid="AC553674-A826-53FB-39CF-68D357AF762D">
<hideElementsInCurrentOnly>false</hideElementsInCurrentOnly>
<bounds x="1981" y="574" width="170" height="158"/>
</OView>
<OView class="oracle.dbtools.crest.swingui.logical.TVEntity" oid="A1D17660-79A3-543F-CBF7-D90AD1E2B74C" otype="Entity" vid="F63A0EF8-98D6-F18C-F67F-B208231B17EC">
<hideElementsInCurrentOnly>false</hideElementsInCurrentOnly>
<bounds x="2642" y="1442" width="170" height="76"/>
</OView>
<OView class="oracle.dbtools.crest.swingui.logical.TVEntity" oid="AA5528AE-7D69-4168-65EA-0F108777A630" otype="Entity" vid="C909E18B-BBF0-7152-9A2A-13AA733B4CEB">
<hideElementsInCurrentOnly>false</hideElementsInCurrentOnly>
<bounds x="1317" y="1845" width="170" height="55"/>
</OView>
<OView class="oracle.dbtools.crest.swingui.logical.TVEntity" oid="AADC228E-442A-B642-6880-E3E489DF05AB" otype="Entity" vid="0DB6C1C3-8681-A551-0328-75381EA97094">
<hideElementsInCurrentOnly>false</hideElementsInCurrentOnly>
<bounds x="1714" y="1063" width="170" height="224"/>
</OView>
<OView class="oracle.dbtools.crest.swingui.logical.TVEntity" oid="ACDDB997-B7F3-931A-AD5D-54DB293D09AF" otype="Entity" vid="77539C41-A081-4F3C-35D7-6E5DB2F0BCD0">
<hideElementsInCurrentOnly>false</hideElementsInCurrentOnly>
<bounds x="2700" y="1292" width="170" height="61"/>
</OView>
<OView class="oracle.dbtools.crest.swingui.logical.TVEntity" oid="B0533428-9653-A175-1B81-9F92BD5C9ABB" otype="Entity" vid="9BB69F7E-005D-D150-4BCA-5B055A1BA97A">
<hideElementsInCurrentOnly>false</hideElementsInCurrentOnly>
<bounds x="1303" y="1389" width="170" height="184"/>
</OView>
<OView class="oracle.dbtools.crest.swingui.logical.TVEntity" oid="B1D783DB-25E3-75CB-C707-E4628D39531D" otype="Entity" vid="77694863-7528-D017-1EC0-6FCB2D17D7E0">
<hideElementsInCurrentOnly>false</hideElementsInCurrentOnly>
<bounds x="1472" y="658" width="170" height="73"/>
</OView>
<OView class="oracle.dbtools.crest.swingui.logical.TVEntity" oid="B8D9A468-F49D-5634-0EBD-259742C1B8B1" otype="Entity" vid="F0344C31-52C6-6F81-E9AC-001E9791E917">
<hideElementsInCurrentOnly>false</hideElementsInCurrentOnly>
<bounds x="2620" y="827" width="169" height="188"/>
</OView>
<OView class="oracle.dbtools.crest.swingui.logical.TVEntity" oid="BB33B44C-EC0A-2AFD-9E80-5565E083106D" otype="Entity" vid="9EBF382B-18DB-4585-2282-1602CA4DFE4E">
<hideElementsInCurrentOnly>false</hideElementsInCurrentOnly>
<bounds x="3022" y="790" width="170" height="169"/>
</OView>
<OView class="oracle.dbtools.crest.swingui.logical.TVEntity" oid="BDBB77C0-ED92-410B-D65B-BC7EAAC88563" otype="Entity" vid="0C6E29B3-23AF-BD1D-06F4-970833496ACF">
<hideElementsInCurrentOnly>false</hideElementsInCurrentOnly>
<bounds x="1962" y="845" width="170" height="64"/>
</OView>
<OView class="oracle.dbtools.crest.swingui.logical.TVEntity" oid="BF199317-2AF6-36CE-11EA-E2F671752DAC" otype="Entity" vid="D2AFE9B6-3B44-08F7-5172-4B3F90FB2B80">
<hideElementsInCurrentOnly>false</hideElementsInCurrentOnly>
<bounds x="605" y="1449" width="170" height="73"/>
</OView>
<OView class="oracle.dbtools.crest.swingui.logical.TVEntity" oid="C91DE823-AFE1-76E5-277B-53B2D8E7D00B" otype="Entity" vid="E892BB76-5D4B-5EB2-6063-C4345C01509D">
<hideElementsInCurrentOnly>false</hideElementsInCurrentOnly>
<bounds x="872" y="1448" width="170" height="57"/>
</OView>
<OView class="oracle.dbtools.crest.swingui.logical.TVEntity" oid="CF13B6CC-EC8D-6013-0EA9-73941E5BFEBE" otype="Entity" vid="59CD296D-5A3D-7975-A0F9-A4D71A286644">
<hideElementsInCurrentOnly>false</hideElementsInCurrentOnly>
<bounds x="883" y="1515" width="170" height="60"/>
</OView>
<OView class="oracle.dbtools.crest.swingui.logical.TVEntity" oid="D2E230FA-EA3C-3962-1718-DB0A5CB7536E" otype="Entity" vid="0883D934-E87D-442B-58B9-14E7869E1D3E">
<hideElementsInCurrentOnly>false</hideElementsInCurrentOnly>
<bounds x="698" y="477" width="199" height="287"/>
</OView>
<OView class="oracle.dbtools.crest.swingui.logical.TVEntity" oid="D77F30E6-2288-140A-53D3-CD69AB118489" otype="Entity" vid="A79418DA-84EB-438E-C058-00E2C193CA77">
<hideElementsInCurrentOnly>false</hideElementsInCurrentOnly>
<bounds x="1145" y="1063" width="170" height="56"/>
</OView>
<OView class="oracle.dbtools.crest.swingui.logical.TVEntity" oid="D809EC1A-BBD7-EC2A-E34D-9E4CEE2216CC" otype="Entity" vid="F2D0C090-B459-E806-EC5F-E34904977912">
<hideElementsInCurrentOnly>false</hideElementsInCurrentOnly>
<bounds x="1941" y="1702" width="170" height="111"/>
</OView>
<OView class="oracle.dbtools.crest.swingui.logical.TVEntity" oid="DC5F7797-411B-FEBB-DEE2-C4D0BED70BF2" otype="Entity" vid="134AB21E-C0F9-F1D0-9BF7-14C57E35BB08">
<hideElementsInCurrentOnly>false</hideElementsInCurrentOnly>
<bounds x="2092" y="1554" width="170" height="70"/>
</OView>
<OView class="oracle.dbtools.crest.swingui.logical.TVEntity" oid="E9B236A2-15CE-9C1C-958B-6BEC4FD8EFB7" otype="Entity" vid="5B05D455-6AAF-6555-B938-321D07BC62BD">
<hideElementsInCurrentOnly>false</hideElementsInCurrentOnly>
<bounds x="1694" y="1554" width="170" height="66"/>
</OView>
<OView class="oracle.dbtools.crest.swingui.logical.TVEntity" oid="EE3F0AE8-0061-DF7F-713D-BE46416598B5" otype="Entity" vid="0B63E974-2C4B-AC37-B506-BA6811BCB6D9">
<hideElementsInCurrentOnly>false</hideElementsInCurrentOnly>
<bounds x="2280" y="1531" width="170" height="63"/>
</OView>
<OView class="oracle.dbtools.crest.swingui.logical.TVEntity" oid="F3DD266B-4FB7-AED6-6B56-A84C9271FF5E" otype="Entity" vid="C9F6FF0C-3C08-A136-0FCA-9CEF17895D39">
<hideElementsInCurrentOnly>false</hideElementsInCurrentOnly>
<bounds x="2096" y="1192" width="170" height="65"/>
</OView>
<OView class="oracle.dbtools.crest.swingui.logical.TVEntity" oid="F7283810-FA91-3BB5-04D1-6A8F1BE617D0" otype="Entity" vid="D86CB2CD-9B0E-8C45-BD06-B603C96968C5">
<hideElementsInCurrentOnly>false</hideElementsInCurrentOnly>
<bounds x="2264" y="544" width="170" height="66"/>
</OView>
<OView class="oracle.dbtools.crest.swingui.logical.TVEntity" oid="FDEB2A4D-63BF-3A0E-A7ED-6DC82BC62A0A" otype="Entity" vid="0342DF9B-322D-39CB-ECA8-2F87A59EF901">
<hideElementsInCurrentOnly>false</hideElementsInCurrentOnly>
<bounds x="2422" y="1200" width="170" height="167"/>
</OView>
<OView class="oracle.dbtools.crest.swingui.logical.TVEntity" oid="FE0EAE2C-02B3-3FF0-1BF3-43C95D6C9B80" otype="Entity" vid="A5D970E1-06FF-1F21-BABD-1FCD25EB8E33">
<hideElementsInCurrentOnly>false</hideElementsInCurrentOnly>
<bounds x="978" y="547" width="170" height="61"/>
</OView>
<OView class="oracle.dbtools.crest.swingui.logical.TVEntity" oid="FEE6498A-B8E9-B47B-EA73-2A0DC59D6832" otype="Entity" vid="FF5E5A36-058A-1217-6781-D15642519353">
<hideElementsInCurrentOnly>false</hideElementsInCurrentOnly>
<bounds x="2982" y="1307" width="170" height="60"/>
</OView>
<OView class="oracle.dbtools.crest.swingui.logical.TVEntity" oid="FF0BBEFF-7E8C-B800-4343-88B5CF1A9389" otype="Entity" vid="FE92F1A4-40BD-1206-16E6-E93C422F8674">
<hideElementsInCurrentOnly>false</hideElementsInCurrentOnly>
<bounds x="2202" y="1732" width="170" height="111"/>
</OView>
<OView class="oracle.dbtools.crest.swingui.logical.TVEntity" oid="FFA0DE5D-8B11-475B-8A28-60F3C30A2AD0" otype="Entity" vid="9F12A639-F679-0D84-5A53-071A700C73CF">
<hideElementsInCurrentOnly>false</hideElementsInCurrentOnly>
<bounds x="413" y="1286" width="170" height="75"/>
</OView>
</objectViews>
<connectors>
<Connector class="oracle.dbtools.crest.swingui.logical.TVRelation" oid="03398A9F-9493-0F95-BCCE-387EE4BE5104" otype="Relation" vid_source="9BB69F7E-005D-D150-4BCA-5B055A1BA97A" vid_target="F5D59FC4-7E83-412F-D28E-A21C7C7FC5CD">
<hideElementsInCurrentOnly>false</hideElementsInCurrentOnly>
<backgroundColor>-16777216</backgroundColor>
<lineWidth>1</lineWidth>
<points>
<point x="1303" y="1512"/>
<point x="1092" y="1590"/>
</points>
</Connector>
<Connector class="oracle.dbtools.crest.swingui.logical.TVRelation" oid="03C7E733-A43A-3D96-0A37-E8D9A384B4AF" otype="Relation" vid_source="6E335D3E-AC08-7ABC-2383-0A8F557F246A" vid_target="989E8641-3BCC-4B05-1756-81F293F9FBF8">
<hideElementsInCurrentOnly>false</hideElementsInCurrentOnly>
<backgroundColor>-16777216</backgroundColor>
<lineWidth>1</lineWidth>
<points>
<point x="2453" y="774"/>
<point x="2453" y="909"/>
</points>
</Connector>
<Connector class="oracle.dbtools.crest.swingui.logical.TVRelation" oid="04442F35-9FB3-A0DF-95CA-5F127226FB40" otype="Relation" vid_source="9BB69F7E-005D-D150-4BCA-5B055A1BA97A" vid_target="C02601FB-AB39-6443-B2FD-95A6769CAB2C">
<hideElementsInCurrentOnly>false</hideElementsInCurrentOnly>
<backgroundColor>-16777216</backgroundColor>
<lineWidth>1</lineWidth>
<points>
<point x="1423" y="1573"/>
<point x="1423" y="1774"/>
</points>
</Connector>
<Connector class="oracle.dbtools.crest.swingui.logical.TVRelation" oid="04C774BD-D20A-D271-28F2-FD98A08511A5" otype="Relation" vid_source="A5D970E1-06FF-1F21-BABD-1FCD25EB8E33" vid_target="9791AE70-6571-ABE1-1EA3-B341414BB0E9">
<hideElementsInCurrentOnly>false</hideElementsInCurrentOnly>
<backgroundColor>-16777216</backgroundColor>
<lineWidth>1</lineWidth>
<points>
<point x="1112" y="547"/>
<point x="1312" y="433"/>
</points>
</Connector>
<Connector class="oracle.dbtools.crest.swingui.logical.TVRelation" oid="0F68CF88-EB60-3908-D45A-A8B45A54E3B5" otype="Relation" vid_source="0883D934-E87D-442B-58B9-14E7869E1D3E" vid_target="33C6C8C9-469E-94E5-09DB-1775F0964E2A">
<hideElementsInCurrentOnly>false</hideElementsInCurrentOnly>
<backgroundColor>-16777216</backgroundColor>
<lineWidth>1</lineWidth>
<points>
<point x="897" y="671"/>
<point x="1179" y="815"/>
</points>
</Connector>
<Connector class="oracle.dbtools.crest.swingui.logical.TVRelation" oid="10A2DD6D-D516-5A5D-267F-44A3B4AD589D" otype="Relation" vid_source="FF5E5A36-058A-1217-6781-D15642519353" vid_target="D143A0A6-C880-02F3-2CAC-BF21530C77DD">
<hideElementsInCurrentOnly>false</hideElementsInCurrentOnly>
<backgroundColor>-16777216</backgroundColor>
<lineWidth>1</lineWidth>
<points>
<point x="3006" y="1367"/>
<point x="3006" y="1453"/>
</points>
</Connector>
<Connector class="oracle.dbtools.crest.swingui.logical.TVRelation" oid="111AD8F7-5C36-A3ED-7D15-5B53B9070D3C" otype="Relation" vid_source="0089DC9A-D850-B289-3CD9-BD92CF98D5BA" vid_target="33C6C8C9-469E-94E5-09DB-1775F0964E2A">
<hideElementsInCurrentOnly>false</hideElementsInCurrentOnly>
<backgroundColor>-16777216</backgroundColor>
<lineWidth>1</lineWidth>
<points>
<point x="899" y="858"/>
<point x="1179" y="858"/>
</points>
</Connector>
<Connector class="oracle.dbtools.crest.swingui.logical.TVRelation" oid="1132BCF8-0534-9C64-78A2-27E9072EBABE" otype="Relation" vid_source="FFE7BB04-E6D4-CD9F-6D67-8DB1E6A4DE68" vid_target="6E335D3E-AC08-7ABC-2383-0A8F557F246A">
<hideElementsInCurrentOnly>false</hideElementsInCurrentOnly>
<backgroundColor>-16777216</backgroundColor>
<lineWidth>1</lineWidth>
<points>
<point x="1913" y="562"/>
<point x="2329" y="712"/>
</points>
</Connector>
<Connector class="oracle.dbtools.crest.swingui.logical.TVRelation" oid="129BBF37-AFA7-4B45-E7B4-B49FD91D6487" otype="Relation" vid_source="8E78F0E7-339B-3671-8751-640AF24D5780" vid_target="F2D0C090-B459-E806-EC5F-E34904977912">
<hideElementsInCurrentOnly>false</hideElementsInCurrentOnly>
<backgroundColor>-16777216</backgroundColor>
<lineWidth>1</lineWidth>
<points>
<point x="1859" y="1537"/>
<point x="1984" y="1702"/>
</points>
</Connector>
<Connector class="oracle.dbtools.crest.swingui.logical.TVRelation" oid="151C6DA3-F5F7-4384-6931-33785998DBD0" otype="Relation" vid_source="FFE7BB04-E6D4-CD9F-6D67-8DB1E6A4DE68" vid_target="29FC06E0-A127-E450-B1C8-21EB3B16CE13">
<hideElementsInCurrentOnly>false</hideElementsInCurrentOnly>
<backgroundColor>-16777216</backgroundColor>
<lineWidth>1</lineWidth>
<points>
<point x="1913" y="515"/>
<point x="2039" y="515"/>
</points>
</Connector>
<Connector class="oracle.dbtools.crest.swingui.logical.TVRelation" oid="15F18D16-BA9D-D6D2-447C-392E5AEC1E95" otype="Relation" vid_source="29FC06E0-A127-E450-B1C8-21EB3B16CE13" vid_target="989E8641-3BCC-4B05-1756-81F293F9FBF8">
<hideElementsInCurrentOnly>false</hideElementsInCurrentOnly>
<backgroundColor>-16777216</backgroundColor>
<lineWidth>1</lineWidth>
<points>
<point x="2149" y="538"/>
<point x="2395" y="909"/>
</points>
</Connector>
<Connector class="oracle.dbtools.crest.swingui.logical.TVRelation" oid="1890738F-F3DC-828A-EADD-254AF82D1724" otype="Relation" vid_source="9BB69F7E-005D-D150-4BCA-5B055A1BA97A" vid_target="E892BB76-5D4B-5EB2-6063-C4345C01509D">
<hideElementsInCurrentOnly>false</hideElementsInCurrentOnly>
<backgroundColor>-16777216</backgroundColor>
<lineWidth>1</lineWidth>
<points>
<point x="1303" y="1476"/>
<point x="1042" y="1476"/>
</points>
</Connector>
<Connector class="oracle.dbtools.crest.swingui.logical.TVRelation" oid="19A4FCF3-BBCE-0AA2-4109-62760CF5F4C4" otype="Relation" vid_source="A804E566-DC56-909E-C98E-A7CCC721B19F" vid_target="A79418DA-84EB-438E-C058-00E2C193CA77">
<hideElementsInCurrentOnly>false</hideElementsInCurrentOnly>
<backgroundColor>-16777216</backgroundColor>
<lineWidth>1</lineWidth>
<points>
<point x="1370" y="1204"/>
<point x="1264" y="1119"/>
</points>
</Connector>
<Connector class="oracle.dbtools.crest.swingui.logical.TVRelation" oid="1DD1CCB8-08BA-1264-60E3-58754AF655BF" otype="Relation" vid_source="9BB69F7E-005D-D150-4BCA-5B055A1BA97A" vid_target="F00B923E-846A-DE97-FE36-4950D1073B1D">
<hideElementsInCurrentOnly>false</hideElementsInCurrentOnly>
<backgroundColor>-16777216</backgroundColor>
<lineWidth>1</lineWidth>
<points>
<point x="1473" y="1540"/>
<point x="1747" y="1731"/>
</points>
</Connector>
<Connector class="oracle.dbtools.crest.swingui.logical.TVRelation" oid="22741207-ECF5-BA8B-4BBD-18C0E2913113" otype="Relation" vid_source="A5F00E55-42BE-0E42-62F5-ECE0C4D2FF3E" vid_target="0883D934-E87D-442B-58B9-14E7869E1D3E">
<hideElementsInCurrentOnly>false</hideElementsInCurrentOnly>
<backgroundColor>-16777216</backgroundColor>
<lineWidth>1</lineWidth>
<points>
<point x="809" y="296"/>
<point x="809" y="477"/>
</points>
</Connector>
<Connector class="oracle.dbtools.crest.swingui.logical.TVRelation" oid="22F98C21-670D-F59C-5B03-4D652DD28B15" otype="Relation" vid_source="D86CB2CD-9B0E-8C45-BD06-B603C96968C5" vid_target="29FC06E0-A127-E450-B1C8-21EB3B16CE13">
<hideElementsInCurrentOnly>false</hideElementsInCurrentOnly>
<backgroundColor>-16777216</backgroundColor>
<lineWidth>1</lineWidth>
<points>
<point x="2264" y="547"/>
<point x="2209" y="529"/>
</points>
</Connector>
<Connector class="oracle.dbtools.crest.swingui.logical.TVRelation" oid="259BC507-56FF-AAD3-BC21-DEA1397DDC5D" otype="Relation" vid_source="9BB69F7E-005D-D150-4BCA-5B055A1BA97A" vid_target="5B05D455-6AAF-6555-B938-321D07BC62BD">
<hideElementsInCurrentOnly>false</hideElementsInCurrentOnly>
<backgroundColor>-16777216</backgroundColor>
<lineWidth>1</lineWidth>
<points>
<point x="1473" y="1563"/>
<point x="1694" y="1563"/>
</points>
</Connector>
<Connector class="oracle.dbtools.crest.swingui.logical.TVRelation" oid="25B34A93-164B-3A07-7E03-313CBCA8E6BA" otype="Relation" vid_source="9EBF382B-18DB-4585-2282-1602CA4DFE4E" vid_target="0A17D521-5C3C-30C3-B496-B11F725D9B36">
<hideElementsInCurrentOnly>false</hideElementsInCurrentOnly>
<backgroundColor>-16777216</backgroundColor>
<lineWidth>1</lineWidth>
<points>
<point x="3108" y="790"/>
<point x="3108" y="710"/>
</points>
</Connector>
<Connector class="oracle.dbtools.crest.swingui.logical.TVRelation" oid="2737C1B3-BA2F-D188-C0E1-E461D2FDFC94" otype="Relation" vid_source="33C6C8C9-469E-94E5-09DB-1775F0964E2A" vid_target="A79418DA-84EB-438E-C058-00E2C193CA77">
<hideElementsInCurrentOnly>false</hideElementsInCurrentOnly>
<backgroundColor>-16777216</backgroundColor>
<lineWidth>1</lineWidth>
<points>
<point x="1247" y="926"/>
<point x="1247" y="1063"/>
</points>
</Connector>
<Connector class="oracle.dbtools.crest.swingui.logical.TVRelation" oid="277C1065-23B6-51FC-1268-90A4EAEC2E74" otype="Relation" vid_source="F0344C31-52C6-6F81-E9AC-001E9791E917" vid_target="F0344C31-52C6-6F81-E9AC-001E9791E917">
<hideElementsInCurrentOnly>false</hideElementsInCurrentOnly>
<backgroundColor>-16777216</backgroundColor>
<lineWidth>1</lineWidth>
<points>
<point x="2789" y="920"/>
<point x="2831" y="920"/>
<point x="2831" y="1058"/>
<point x="2718" y="1058"/>
<point x="2718" y="1015"/>
</points>
</Connector>
<Connector class="oracle.dbtools.crest.swingui.logical.TVRelation" oid="2D2CA370-6FE5-83B4-B3FE-17A05B39AE87" otype="Relation" vid_source="8E78F0E7-339B-3671-8751-640AF24D5780" vid_target="0D8CFD6B-71BB-8220-3555-ABAEC45D821E">
<hideElementsInCurrentOnly>false</hideElementsInCurrentOnly>
<backgroundColor>-16777216</backgroundColor>
<lineWidth>1</lineWidth>
<points>
<point x="1878" y="1425"/>
<point x="2028" y="1425"/>
</points>
</Connector>
<Connector class="oracle.dbtools.crest.swingui.logical.TVRelation" oid="3196017C-FC37-A515-3DBC-A6F6B9F7BBB6" otype="Relation" vid_source="9BB69F7E-005D-D150-4BCA-5B055A1BA97A" vid_target="970333F5-EDBD-B57C-9F8F-57C8AAAE18A9">
<hideElementsInCurrentOnly>false</hideElementsInCurrentOnly>
<backgroundColor>-16777216</backgroundColor>
<lineWidth>1</lineWidth>
<points>
<point x="1339" y="1573"/>
<point x="1339" y="1774"/>
</points>
</Connector>
<Connector class="oracle.dbtools.crest.swingui.logical.TVRelation" oid="31C5B2F6-5578-5038-6429-369277F3E2CD" otype="Relation" vid_source="0342DF9B-322D-39CB-ECA8-2F87A59EF901" vid_target="80570771-FB65-1015-04BF-C77E0AA1AD2A">
<hideElementsInCurrentOnly>false</hideElementsInCurrentOnly>
<backgroundColor>-16777216</backgroundColor>
<lineWidth>1</lineWidth>
<points>
<point x="2499" y="1367"/>
<point x="2499" y="1443"/>
</points>
</Connector>
<Connector class="oracle.dbtools.crest.swingui.logical.TVRelation" oid="33EAD616-7218-CB73-FD44-7FD356FE76D1" otype="Relation" vid_source="4BB54682-1205-8F52-5C45-E9F06D850204" vid_target="4BAF1873-CC79-4264-B93B-9394C01A008F">
<hideElementsInCurrentOnly>false</hideElementsInCurrentOnly>
<backgroundColor>-16777216</backgroundColor>
<lineWidth>1</lineWidth>
<points>
<point x="2448" y="384"/>
<point x="2577" y="454"/>
</points>
</Connector>
<Connector class="oracle.dbtools.crest.swingui.logical.TVRelation" oid="359A675C-1B01-110C-5B50-0F9CE323D27D" otype="Relation" vid_source="4BAF1873-CC79-4264-B93B-9394C01A008F" vid_target="F0344C31-52C6-6F81-E9AC-001E9791E917">
<hideElementsInCurrentOnly>false</hideElementsInCurrentOnly>
<backgroundColor>-16777216</backgroundColor>
<lineWidth>1</lineWidth>
<points>
<point x="2671" y="518"/>
<point x="2671" y="827"/>
</points>
</Connector>
<Connector class="oracle.dbtools.crest.swingui.logical.TVRelation" oid="3D1B4F6E-590E-93AC-7DC2-0497CCF7B754" otype="Relation" vid_source="0C6E29B3-23AF-BD1D-06F4-970833496ACF" vid_target="0342DF9B-322D-39CB-ECA8-2F87A59EF901">
<hideElementsInCurrentOnly>false</hideElementsInCurrentOnly>
<backgroundColor>-16777216</backgroundColor>
<lineWidth>1</lineWidth>
<points>
<point x="2083" y="909"/>
<point x="2422" y="1208"/>
</points>
</Connector>
<Connector class="oracle.dbtools.crest.swingui.logical.TVRelation" oid="3E839AA4-A37A-8378-9DAC-3141BE29B935" otype="Relation" vid_source="9791AE70-6571-ABE1-1EA3-B341414BB0E9" vid_target="FA37B57F-8DEC-7694-189A-FDD08707F18B">
<hideElementsInCurrentOnly>false</hideElementsInCurrentOnly>
<backgroundColor>-16777216</backgroundColor>
<lineWidth>1</lineWidth>
<points>
<point x="1333" y="433"/>
<point x="1012" y="1156"/>
</points>
</Connector>
<Connector class="oracle.dbtools.crest.swingui.logical.TVRelation" oid="3EEC98BE-D9B9-A81E-00B6-ABFF77DEB775" otype="Relation" vid_source="8E78F0E7-339B-3671-8751-640AF24D5780" vid_target="9BB69F7E-005D-D150-4BCA-5B055A1BA97A">
<hideElementsInCurrentOnly>false</hideElementsInCurrentOnly>
<backgroundColor>-16777216</backgroundColor>
<lineWidth>1</lineWidth>
<points>
<point x="1708" y="1463"/>
<point x="1473" y="1463"/>
</points>
</Connector>
<Connector class="oracle.dbtools.crest.swingui.logical.TVRelation" oid="4AE3070A-0ACD-0B22-DD1C-A4BEDC96D321" otype="Relation" vid_source="8E78F0E7-339B-3671-8751-640AF24D5780" vid_target="FE92F1A4-40BD-1206-16E6-E93C422F8674">
<hideElementsInCurrentOnly>false</hideElementsInCurrentOnly>
<backgroundColor>-16777216</backgroundColor>
<lineWidth>1</lineWidth>
<points>
<point x="1878" y="1507"/>
<point x="2205" y="1732"/>
</points>
</Connector>
<Connector class="oracle.dbtools.crest.swingui.logical.TVRelation" oid="4B7F144D-E490-EBC0-3B02-3873EF1A4AE0" otype="Relation" vid_source="FE5A35F2-764E-AFF6-3263-F3A8489A9CA4" vid_target="9EBF382B-18DB-4585-2282-1602CA4DFE4E">
<hideElementsInCurrentOnly>false</hideElementsInCurrentOnly>
<backgroundColor>-16777216</backgroundColor>
<lineWidth>1</lineWidth>
<points>
<point x="2888" y="753"/>
<point x="3022" y="827"/>
</points>
</Connector>
<Connector class="oracle.dbtools.crest.swingui.logical.TVRelation" oid="4E8D5A74-202D-5C29-801A-F98DAB2099F7" otype="Relation" vid_source="134AB21E-C0F9-F1D0-9BF7-14C57E35BB08" vid_target="0D8CFD6B-71BB-8220-3555-ABAEC45D821E">
<hideElementsInCurrentOnly>false</hideElementsInCurrentOnly>
<backgroundColor>-16777216</backgroundColor>
<lineWidth>1</lineWidth>
<points>
<point x="2145" y="1554"/>
<point x="2145" y="1474"/>
</points>
</Connector>
<Connector class="oracle.dbtools.crest.swingui.logical.TVRelation" oid="52452DF4-F3F9-64AD-DBB7-0E45AAAB8141" otype="Relation" vid_source="0B63E974-2C4B-AC37-B506-BA6811BCB6D9" vid_target="0D8CFD6B-71BB-8220-3555-ABAEC45D821E">
<hideElementsInCurrentOnly>false</hideElementsInCurrentOnly>
<backgroundColor>-16777216</backgroundColor>
<lineWidth>1</lineWidth>
<points>
<point x="2307" y="1531"/>
<point x="2198" y="1471"/>
</points>
</Connector>
<Connector class="oracle.dbtools.crest.swingui.logical.TVRelation" oid="5260BCB3-F412-4BE6-66A1-84BF21B43673" otype="Relation" vid_source="A804E566-DC56-909E-C98E-A7CCC721B19F" vid_target="AC553674-A826-53FB-39CF-68D357AF762D">
<hideElementsInCurrentOnly>false</hideElementsInCurrentOnly>
<backgroundColor>-16777216</backgroundColor>
<lineWidth>1</lineWidth>
<points>
<point x="1514" y="1204"/>
<point x="1986" y="732"/>
</points>
</Connector>
<Connector class="oracle.dbtools.crest.swingui.logical.TVRelation" oid="585E4C3E-4879-60CB-D8AC-2DD821726897" otype="Relation" vid_source="96CB8B69-F6E1-1A94-DD2E-ACC178AE0DD2" vid_target="989E8641-3BCC-4B05-1756-81F293F9FBF8">
<hideElementsInCurrentOnly>false</hideElementsInCurrentOnly>
<backgroundColor>-16777216</backgroundColor>
<lineWidth>1</lineWidth>
<points>
<point x="1612" y="932"/>
<point x="2377" y="931"/>
</points>
</Connector>
<Connector class="oracle.dbtools.crest.swingui.logical.TVRelation" oid="58EBA4B6-59B0-11EE-F1F2-F1A6FA7D8979" otype="Relation" vid_source="F0344C31-52C6-6F81-E9AC-001E9791E917" vid_target="9EBF382B-18DB-4585-2282-1602CA4DFE4E">
<hideElementsInCurrentOnly>false</hideElementsInCurrentOnly>
<backgroundColor>-16777216</backgroundColor>
<lineWidth>1</lineWidth>
<points>
<point x="2789" y="893"/>
<point x="3022" y="893"/>
</points>
</Connector>
<Connector class="oracle.dbtools.crest.swingui.logical.TVRelation" oid="59A2DBC2-8DFC-7150-5716-FBB3DE7B8CE3" otype="Relation" vid_source="9BB69F7E-005D-D150-4BCA-5B055A1BA97A" vid_target="2D030C88-2723-45B3-181F-70EC1410CACF">
<hideElementsInCurrentOnly>false</hideElementsInCurrentOnly>
<backgroundColor>-16777216</backgroundColor>
<lineWidth>1</lineWidth>
<points>
<point x="1303" y="1538"/>
<point x="1108" y="1670"/>
</points>
</Connector>
<Connector class="oracle.dbtools.crest.swingui.logical.TVRelation" oid="5B5E95EA-1AC6-F260-ABC5-10451CB5CA98" otype="Relation" vid_source="E50A2E2F-A2EC-B115-6A72-270879017BB1" vid_target="D2AFE9B6-3B44-08F7-5172-4B3F90FB2B80">
<hideElementsInCurrentOnly>false</hideElementsInCurrentOnly>
<backgroundColor>-16777216</backgroundColor>
<lineWidth>1</lineWidth>
<points>
<point x="723" y="1210"/>
<point x="723" y="1449"/>
</points>
</Connector>
<Connector class="oracle.dbtools.crest.swingui.logical.TVRelation" oid="5C1FC8BC-4C59-0E95-EB78-41932D4D6977" otype="Relation" vid_source="AC553674-A826-53FB-39CF-68D357AF762D" vid_target="77694863-7528-D017-1EC0-6FCB2D17D7E0">
<hideElementsInCurrentOnly>false</hideElementsInCurrentOnly>
<backgroundColor>-16777216</backgroundColor>
<lineWidth>1</lineWidth>
<points>
<point x="1981" y="694"/>
<point x="1642" y="694"/>
</points>
</Connector>
<Connector class="oracle.dbtools.crest.swingui.logical.TVRelation" oid="5C57BC0F-1F3D-6247-C73C-34421B925FE2" otype="Relation" vid_source="77694863-7528-D017-1EC0-6FCB2D17D7E0" vid_target="96CB8B69-F6E1-1A94-DD2E-ACC178AE0DD2">
<hideElementsInCurrentOnly>false</hideElementsInCurrentOnly>
<backgroundColor>-16777216</backgroundColor>
<lineWidth>1</lineWidth>
<points>
<point x="1542" y="731"/>
<point x="1542" y="765"/>
</points>
</Connector>
<Connector class="oracle.dbtools.crest.swingui.logical.TVRelation" oid="5CF551F3-65D4-0037-1334-28E7A2178CEB" otype="Relation" vid_source="5A930FA4-2ACD-B6C8-F049-0457DDE03F7A" vid_target="6E335D3E-AC08-7ABC-2383-0A8F557F246A">
<hideElementsInCurrentOnly>false</hideElementsInCurrentOnly>
<backgroundColor>-16777216</backgroundColor>
<lineWidth>1</lineWidth>
<points>
<point x="2483" y="634"/>
<point x="2483" y="712"/>
</points>
</Connector>
<Connector class="oracle.dbtools.crest.swingui.logical.TVRelation" oid="665B99C2-CD5F-5277-B049-1AD10C98CFB7" otype="Relation" vid_source="33C6C8C9-469E-94E5-09DB-1775F0964E2A" vid_target="ACC33C36-862C-EFDF-FA56-F86563D5D425">
<hideElementsInCurrentOnly>false</hideElementsInCurrentOnly>
<backgroundColor>-16777216</backgroundColor>
<lineWidth>1</lineWidth>
<points>
<point x="1282" y="791"/>
<point x="1282" y="676"/>
</points>
</Connector>
<Connector class="oracle.dbtools.crest.swingui.logical.TVRelation" oid="67CF10E8-B6FA-BEB3-C2A3-ADC2A4F37459" otype="Relation" vid_source="9BB69F7E-005D-D150-4BCA-5B055A1BA97A" vid_target="495D3EA3-F348-6337-7288-31E6804583FB">
<hideElementsInCurrentOnly>false</hideElementsInCurrentOnly>
<backgroundColor>-16777216</backgroundColor>
<lineWidth>1</lineWidth>
<points>
<point x="1473" y="1522"/>
<point x="1737" y="1652"/>
</points>
</Connector>
<Connector class="oracle.dbtools.crest.swingui.logical.TVRelation" oid="705039EA-503E-34BB-0598-D718FDD41BFF" otype="Relation" vid_source="FFE7BB04-E6D4-CD9F-6D67-8DB1E6A4DE68" vid_target="C2C68E35-C4BA-756D-EAB8-338A9BB9D99E">
<hideElementsInCurrentOnly>false</hideElementsInCurrentOnly>
<backgroundColor>-16777216</backgroundColor>
<lineWidth>1</lineWidth>
<points>
<point x="1743" y="531"/>
<point x="1605" y="531"/>
</points>
</Connector>
<Connector class="oracle.dbtools.crest.swingui.logical.TVRelation" oid="7064D180-8F69-BB23-02A3-A543AD82E5BE" otype="Relation" vid_source="29FC06E0-A127-E450-B1C8-21EB3B16CE13" vid_target="4BAF1873-CC79-4264-B93B-9394C01A008F">
<hideElementsInCurrentOnly>false</hideElementsInCurrentOnly>
<backgroundColor>-16777216</backgroundColor>
<lineWidth>1</lineWidth>
<points>
<point x="2209" y="490"/>
<point x="2552" y="490"/>
</points>
</Connector>
<Connector class="oracle.dbtools.crest.swingui.logical.TVRelation" oid="744AA7B5-CD7A-EC48-B2CB-CFBD80E00850" otype="Relation" vid_source="9BB69F7E-005D-D150-4BCA-5B055A1BA97A" vid_target="C92B45E8-028F-09A9-7339-88E492657C29">
<hideElementsInCurrentOnly>false</hideElementsInCurrentOnly>
<backgroundColor>-16777216</backgroundColor>
<lineWidth>1</lineWidth>
<points>
<point x="1305" y="1573"/>
<point x="1135" y="1764"/>
</points>
</Connector>
<Connector class="oracle.dbtools.crest.swingui.logical.TVRelation" oid="74DF6ADC-640A-5F78-7CEC-743D6F1C93D9" otype="Relation" vid_source="0DB6C1C3-8681-A551-0328-75381EA97094" vid_target="C9F6FF0C-3C08-A136-0FCA-9CEF17895D39">
<hideElementsInCurrentOnly>false</hideElementsInCurrentOnly>
<backgroundColor>-16777216</backgroundColor>
<lineWidth>1</lineWidth>
<points>
<point x="1884" y="1224"/>
<point x="2096" y="1224"/>
</points>
</Connector>
<Connector class="oracle.dbtools.crest.swingui.logical.TVRelation" oid="7CCD4335-A7EA-B34E-C7EA-5571236A3E19" otype="Relation" vid_source="9791AE70-6571-ABE1-1EA3-B341414BB0E9" vid_target="ACC33C36-862C-EFDF-FA56-F86563D5D425">
<hideElementsInCurrentOnly>false</hideElementsInCurrentOnly>
<backgroundColor>-16777216</backgroundColor>
<lineWidth>1</lineWidth>
<points>
<point x="1323" y="433"/>
<point x="1323" y="601"/>
</points>
</Connector>
<Connector class="oracle.dbtools.crest.swingui.logical.TVRelation" oid="7F75A217-00F2-50E1-CEE3-73CDA867597F" otype="Relation" vid_source="33C6C8C9-469E-94E5-09DB-1775F0964E2A" vid_target="96CB8B69-F6E1-1A94-DD2E-ACC178AE0DD2">
<hideElementsInCurrentOnly>false</hideElementsInCurrentOnly>
<backgroundColor>-16777216</backgroundColor>
<lineWidth>1</lineWidth>
<points>
<point x="1349" y="858"/>
<point x="1442" y="858"/>
</points>
</Connector>
<Connector class="oracle.dbtools.crest.swingui.logical.TVRelation" oid="805476AE-1FE8-EF8B-5033-309A5D2CDC1A" otype="Relation" vid_source="0C6E29B3-23AF-BD1D-06F4-970833496ACF" vid_target="AC553674-A826-53FB-39CF-68D357AF762D">
<hideElementsInCurrentOnly>false</hideElementsInCurrentOnly>
<backgroundColor>-16777216</backgroundColor>
<lineWidth>1</lineWidth>
<points>
<point x="2056" y="845"/>
<point x="2056" y="732"/>
</points>
</Connector>
<Connector class="oracle.dbtools.crest.swingui.logical.TVRelation" oid="81D5E60F-83AE-04C3-4F24-6CF5CFC7016A" otype="Relation" vid_source="F35ABF5B-4955-BD5B-30FC-EA464CFDEC66" vid_target="0A17D521-5C3C-30C3-B496-B11F725D9B36">
<hideElementsInCurrentOnly>false</hideElementsInCurrentOnly>
<backgroundColor>-16777216</backgroundColor>
<lineWidth>1</lineWidth>
<points>
<point x="3110" y="523"/>
<point x="3110" y="609"/>
</points>
</Connector>
<Connector class="oracle.dbtools.crest.swingui.logical.TVRelation" oid="83D2C8B2-A11D-F733-6B87-3F95BECD28BF" otype="Relation" vid_source="9BB69F7E-005D-D150-4BCA-5B055A1BA97A" vid_target="39570BDD-E68E-3ACA-7983-4F3EBB8B544F">
<hideElementsInCurrentOnly>false</hideElementsInCurrentOnly>
<backgroundColor>-16777216</backgroundColor>
<lineWidth>1</lineWidth>
<points>
<point x="1447" y="1573"/>
<point x="1617" y="1839"/>
</points>
</Connector>
<Connector class="oracle.dbtools.crest.swingui.logical.TVRelation" oid="87B5DA2C-541E-6EAD-7552-3AD46A24BC1B" otype="Relation" vid_source="29FC06E0-A127-E450-B1C8-21EB3B16CE13" vid_target="2375CC25-96FB-AC89-BA6C-042CD11E3723">
<hideElementsInCurrentOnly>false</hideElementsInCurrentOnly>
<backgroundColor>-16777216</backgroundColor>
<lineWidth>1</lineWidth>
<points>
<point x="2209" y="477"/>
<point x="2713" y="342"/>
</points>
</Connector>
<Connector class="oracle.dbtools.crest.swingui.logical.TVRelation" oid="8D7D433A-3BDB-B151-41FC-D97C67776CD5" otype="Relation" vid_source="0342DF9B-322D-39CB-ECA8-2F87A59EF901" vid_target="96CB8B69-F6E1-1A94-DD2E-ACC178AE0DD2">
<hideElementsInCurrentOnly>false</hideElementsInCurrentOnly>
<backgroundColor>-16777216</backgroundColor>
<lineWidth>1</lineWidth>
<points>
<point x="2422" y="1247"/>
<point x="1612" y="905"/>
</points>
</Connector>
<Connector class="oracle.dbtools.crest.swingui.logical.TVRelation" oid="A46AE38E-4690-2C27-2306-D84A1B32A2AD" otype="Relation" vid_source="74698905-03BE-2960-B486-98537ACA613F" vid_target="FE92F1A4-40BD-1206-16E6-E93C422F8674">
<hideElementsInCurrentOnly>false</hideElementsInCurrentOnly>
<backgroundColor>-16777216</backgroundColor>
<lineWidth>1</lineWidth>
<points>
<point x="2482" y="1785"/>
<point x="2372" y="1785"/>
</points>
</Connector>
<Connector class="oracle.dbtools.crest.swingui.logical.TVRelation" oid="A70C49EE-34CC-C9E2-B579-FF668E6A7CF3" otype="Relation" vid_source="989E8641-3BCC-4B05-1756-81F293F9FBF8" vid_target="96CB8B69-F6E1-1A94-DD2E-ACC178AE0DD2">
<hideElementsInCurrentOnly>false</hideElementsInCurrentOnly>
<backgroundColor>-16777216</backgroundColor>
<lineWidth>1</lineWidth>
<points>
<point x="2377" y="941"/>
<point x="1612" y="941"/>
</points>
</Connector>
<Connector class="oracle.dbtools.crest.swingui.logical.TVRelation" oid="A7193CFC-F079-3B7A-C098-7AF822D51E8B" otype="Relation" vid_source="8B33322F-D608-E1AE-F774-97ED059F6628" vid_target="0DB6C1C3-8681-A551-0328-75381EA97094">
<hideElementsInCurrentOnly>false</hideElementsInCurrentOnly>
<backgroundColor>-16777216</backgroundColor>
<lineWidth>1</lineWidth>
<points>
<point x="2106" y="1279"/>
<point x="1884" y="1279"/>
</points>
</Connector>
<Connector class="oracle.dbtools.crest.swingui.logical.TVRelation" oid="A81E31DB-20B1-C80E-EDA1-AA9FE929EE8E" otype="Relation" vid_source="5A930FA4-2ACD-B6C8-F049-0457DDE03F7A" vid_target="96CB8B69-F6E1-1A94-DD2E-ACC178AE0DD2">
<hideElementsInCurrentOnly>false</hideElementsInCurrentOnly>
<backgroundColor>-16777216</backgroundColor>
<lineWidth>1</lineWidth>
<points>
<point x="2468" y="625"/>
<point x="1612" y="953"/>
</points>
</Connector>
<Connector class="oracle.dbtools.crest.swingui.logical.TVRelation" oid="AA20881C-D59C-2502-134E-C1EFF8268807" otype="Relation" vid_source="0C6E29B3-23AF-BD1D-06F4-970833496ACF" vid_target="77694863-7528-D017-1EC0-6FCB2D17D7E0">
<hideElementsInCurrentOnly>false</hideElementsInCurrentOnly>
<backgroundColor>-16777216</backgroundColor>
<lineWidth>1</lineWidth>
<points>
<point x="1962" y="845"/>
<point x="1642" y="726"/>
</points>
</Connector>
<Connector class="oracle.dbtools.crest.swingui.logical.TVRelation" oid="AFF3AF04-C058-68F2-B192-F745B8BA50E6" otype="Relation" vid_source="FA37B57F-8DEC-7694-189A-FDD08707F18B" vid_target="9BB69F7E-005D-D150-4BCA-5B055A1BA97A">
<hideElementsInCurrentOnly>false</hideElementsInCurrentOnly>
<backgroundColor>-16777216</backgroundColor>
<lineWidth>1</lineWidth>
<points>
<point x="1083" y="1267"/>
<point x="1303" y="1421"/>
</points>
</Connector>
<Connector class="oracle.dbtools.crest.swingui.logical.TVRelation" oid="B143378D-EAD2-F6A9-6740-E7CC710F5D01" otype="Relation" vid_source="0C6E29B3-23AF-BD1D-06F4-970833496ACF" vid_target="F0344C31-52C6-6F81-E9AC-001E9791E917">
<hideElementsInCurrentOnly>false</hideElementsInCurrentOnly>
<backgroundColor>-16777216</backgroundColor>
<lineWidth>1</lineWidth>
<points>
<point x="2132" y="877"/>
<point x="2620" y="877"/>
</points>
</Connector>
<Connector class="oracle.dbtools.crest.swingui.logical.TVRelation" oid="B8F42087-3F5E-B112-DDE1-50F3020F7B88" otype="Relation" vid_source="FFE7BB04-E6D4-CD9F-6D67-8DB1E6A4DE68" vid_target="96CB8B69-F6E1-1A94-DD2E-ACC178AE0DD2">
<hideElementsInCurrentOnly>false</hideElementsInCurrentOnly>
<backgroundColor>-16777216</backgroundColor>
<lineWidth>1</lineWidth>
<points>
<point x="1792" y="571"/>
<point x="1612" y="789"/>
</points>
</Connector>
<Connector class="oracle.dbtools.crest.swingui.logical.TVRelation" oid="BA9ED16C-BF9C-C7DF-31FE-E145F95618F0" otype="Relation" vid_source="134AB21E-C0F9-F1D0-9BF7-14C57E35BB08" vid_target="F2D0C090-B459-E806-EC5F-E34904977912">
<hideElementsInCurrentOnly>false</hideElementsInCurrentOnly>
<backgroundColor>-16777216</backgroundColor>
<lineWidth>1</lineWidth>
<points>
<point x="2101" y="1624"/>
<point x="2101" y="1702"/>
</points>
</Connector>
<Connector class="oracle.dbtools.crest.swingui.logical.TVRelation" oid="BC1F3C30-70DF-1D51-0FA5-49A85885821D" otype="Relation" vid_source="AC553674-A826-53FB-39CF-68D357AF762D" vid_target="29FC06E0-A127-E450-B1C8-21EB3B16CE13">
<hideElementsInCurrentOnly>false</hideElementsInCurrentOnly>
<backgroundColor>-16777216</backgroundColor>
<lineWidth>1</lineWidth>
<points>
<point x="2095" y="574"/>
<point x="2095" y="538"/>
</points>
</Connector>
<Connector class="oracle.dbtools.crest.swingui.logical.TVRelation" oid="BDA621C5-229B-1936-AA11-75F6D2B4D692" otype="Relation" vid_source="9791AE70-6571-ABE1-1EA3-B341414BB0E9" vid_target="29FC06E0-A127-E450-B1C8-21EB3B16CE13">
<hideElementsInCurrentOnly>false</hideElementsInCurrentOnly>
<backgroundColor>-16777216</backgroundColor>
<lineWidth>1</lineWidth>
<points>
<point x="1431" y="413"/>
<point x="2039" y="489"/>
</points>
</Connector>
<Connector class="oracle.dbtools.crest.swingui.logical.TVRelation" oid="C059CD5B-C889-3ED5-1C22-032FB7FB5183" otype="Relation" vid_source="9791AE70-6571-ABE1-1EA3-B341414BB0E9" vid_target="FA37B57F-8DEC-7694-189A-FDD08707F18B">
<hideElementsInCurrentOnly>false</hideElementsInCurrentOnly>
<backgroundColor>-16777216</backgroundColor>
<lineWidth>1</lineWidth>
<points>
<point x="1333" y="433"/>
<point x="1027" y="1156"/>
</points>
</Connector>
<Connector class="oracle.dbtools.crest.swingui.logical.TVRelation" oid="C1391567-D946-4A64-413F-D18A759B2C16" otype="Relation" vid_source="E50A2E2F-A2EC-B115-6A72-270879017BB1" vid_target="96CB8B69-F6E1-1A94-DD2E-ACC178AE0DD2">
<hideElementsInCurrentOnly>false</hideElementsInCurrentOnly>
<backgroundColor>-16777216</backgroundColor>
<lineWidth>1</lineWidth>
<points>
<point x="841" y="1119"/>
<point x="1442" y="900"/>
</points>
</Connector>
<Connector class="oracle.dbtools.crest.swingui.logical.TVRelation" oid="C16C3444-6430-CBA1-91CF-5DFD37461304" otype="Relation" vid_source="E50A2E2F-A2EC-B115-6A72-270879017BB1" vid_target="2A8222C1-2363-DF8D-103A-B4855A0B7049">
<hideElementsInCurrentOnly>false</hideElementsInCurrentOnly>
<backgroundColor>-16777216</backgroundColor>
<lineWidth>1</lineWidth>
<points>
<point x="671" y="1102"/>
<point x="510" y="1102"/>
</points>
</Connector>
<Connector class="oracle.dbtools.crest.swingui.logical.TVRelation" oid="C3DCB77E-2A11-027E-B829-C3051F20508D" otype="Relation" vid_source="9BB69F7E-005D-D150-4BCA-5B055A1BA97A" vid_target="F9EBF074-6688-23FE-6BB9-C50D2AC796AA">
<hideElementsInCurrentOnly>false</hideElementsInCurrentOnly>
<backgroundColor>-16777216</backgroundColor>
<lineWidth>1</lineWidth>
<points>
<point x="1303" y="1396"/>
<point x="1112" y="1396"/>
</points>
</Connector>
<Connector class="oracle.dbtools.crest.swingui.logical.TVRelation" oid="D64B550E-7041-2D3D-E90C-24EEABD49D0F" otype="Relation" vid_source="0C6E29B3-23AF-BD1D-06F4-970833496ACF" vid_target="96CB8B69-F6E1-1A94-DD2E-ACC178AE0DD2">
<hideElementsInCurrentOnly>false</hideElementsInCurrentOnly>
<backgroundColor>-16777216</backgroundColor>
<lineWidth>1</lineWidth>
<points>
<point x="1962" y="877"/>
<point x="1612" y="877"/>
</points>
</Connector>
<Connector class="oracle.dbtools.crest.swingui.logical.TVRelation" oid="D771A2A5-3C89-974D-5B1D-3DBB8978163B" otype="Relation" vid_source="FFE7BB04-E6D4-CD9F-6D67-8DB1E6A4DE68" vid_target="FE5A35F2-764E-AFF6-3263-F3A8489A9CA4">
<hideElementsInCurrentOnly>false</hideElementsInCurrentOnly>
<backgroundColor>-16777216</backgroundColor>
<lineWidth>1</lineWidth>
<points>
<point x="1913" y="547"/>
<point x="2742" y="702"/>
</points>
</Connector>
<Connector class="oracle.dbtools.crest.swingui.logical.TVRelation" oid="DB88EB5A-2FA2-0499-D5A7-CEC0C1ADAA32" otype="Relation" vid_source="0342DF9B-322D-39CB-ECA8-2F87A59EF901" vid_target="77539C41-A081-4F3C-35D7-6E5DB2F0BCD0">
<hideElementsInCurrentOnly>false</hideElementsInCurrentOnly>
<backgroundColor>-16777216</backgroundColor>
<lineWidth>1</lineWidth>
<points>
<point x="2592" y="1322"/>
<point x="2700" y="1322"/>
</points>
</Connector>
<Connector class="oracle.dbtools.crest.swingui.logical.TVRelation" oid="E08AA7CA-A6F5-C78F-CCF8-EA9FDCDDC48D" otype="Relation" vid_source="0342DF9B-322D-39CB-ECA8-2F87A59EF901" vid_target="E3AD16B5-A2F9-A32D-911E-F0874511AAB6">
<hideElementsInCurrentOnly>false</hideElementsInCurrentOnly>
<backgroundColor>-16777216</backgroundColor>
<lineWidth>1</lineWidth>
<points>
<point x="2592" y="1241"/>
<point x="2693" y="1241"/>
</points>
</Connector>
<Connector class="oracle.dbtools.crest.swingui.logical.TVRelation" oid="E13C1CEA-D5DE-92F3-768D-24910107531C" otype="Relation" vid_source="0342DF9B-322D-39CB-ECA8-2F87A59EF901" vid_target="D143A0A6-C880-02F3-2CAC-BF21530C77DD">
<hideElementsInCurrentOnly>false</hideElementsInCurrentOnly>
<backgroundColor>-16777216</backgroundColor>
<lineWidth>1</lineWidth>
<points>
<point x="2592" y="1322"/>
<point x="2878" y="1453"/>
</points>
</Connector>
<Connector class="oracle.dbtools.crest.swingui.logical.TVRelation" oid="E272C47B-AD50-9DBB-6A98-6FD10E612F8E" otype="Relation" vid_source="9F12A639-F679-0D84-5A53-071A700C73CF" vid_target="2A8222C1-2363-DF8D-103A-B4855A0B7049">
<hideElementsInCurrentOnly>false</hideElementsInCurrentOnly>
<backgroundColor>-16777216</backgroundColor>
<lineWidth>1</lineWidth>
<points>
<point x="461" y="1286"/>
<point x="461" y="1113"/>
</points>
</Connector>
<Connector class="oracle.dbtools.crest.swingui.logical.TVRelation" oid="E3A03B97-79D0-C77F-3477-5CF59621828D" otype="Relation" vid_source="A5D970E1-06FF-1F21-BABD-1FCD25EB8E33" vid_target="33C6C8C9-469E-94E5-09DB-1775F0964E2A">
<hideElementsInCurrentOnly>false</hideElementsInCurrentOnly>
<backgroundColor>-16777216</backgroundColor>
<lineWidth>1</lineWidth>
<points>
<point x="1084" y="608"/>
<point x="1215" y="791"/>
</points>
</Connector>
<Connector class="oracle.dbtools.crest.swingui.logical.TVRelation" oid="E7417A10-2890-097B-7555-2948988981E2" otype="Relation" vid_source="9BB69F7E-005D-D150-4BCA-5B055A1BA97A" vid_target="04F19D7B-EDDF-26E0-1033-82D8D1A88AE5">
<hideElementsInCurrentOnly>false</hideElementsInCurrentOnly>
<backgroundColor>-16777216</backgroundColor>
<lineWidth>1</lineWidth>
<points>
<point x="1473" y="1566"/>
<point x="1774" y="1870"/>
</points>
</Connector>
<Connector class="oracle.dbtools.crest.swingui.logical.TVRelation" oid="E75A442E-2255-C36B-2545-942D0724EBBE" otype="Relation" vid_source="9BB69F7E-005D-D150-4BCA-5B055A1BA97A" vid_target="59CD296D-5A3D-7975-A0F9-A4D71A286644">
<hideElementsInCurrentOnly>false</hideElementsInCurrentOnly>
<backgroundColor>-16777216</backgroundColor>
<lineWidth>1</lineWidth>
<points>
<point x="1303" y="1559"/>
<point x="1053" y="1559"/>
</points>
</Connector>
<Connector class="oracle.dbtools.crest.swingui.logical.TVRelation" oid="E9128822-6EAC-1D73-A3A2-7F3CCD4C03F0" otype="Relation" vid_source="0342DF9B-322D-39CB-ECA8-2F87A59EF901" vid_target="F63A0EF8-98D6-F18C-F67F-B208231B17EC">
<hideElementsInCurrentOnly>false</hideElementsInCurrentOnly>
<backgroundColor>-16777216</backgroundColor>
<lineWidth>1</lineWidth>
<points>
<point x="2592" y="1359"/>
<point x="2684" y="1442"/>
</points>
</Connector>
<Connector class="oracle.dbtools.crest.swingui.logical.TVRelation" oid="E92DC0EC-D67B-ACC9-DC00-9CBDFBDB57B0" otype="Relation" vid_source="9BB69F7E-005D-D150-4BCA-5B055A1BA97A" vid_target="C909E18B-BBF0-7152-9A2A-13AA733B4CEB">
<hideElementsInCurrentOnly>false</hideElementsInCurrentOnly>
<backgroundColor>-16777216</backgroundColor>
<lineWidth>1</lineWidth>
<points>
<point x="1395" y="1573"/>
<point x="1395" y="1845"/>
</points>
</Connector>
<Connector class="oracle.dbtools.crest.swingui.logical.TVRelation" oid="E994C319-E9D1-D560-B979-772515ED7C5F" otype="Relation" vid_source="6E335D3E-AC08-7ABC-2383-0A8F557F246A" vid_target="989E8641-3BCC-4B05-1756-81F293F9FBF8">
<hideElementsInCurrentOnly>false</hideElementsInCurrentOnly>
<backgroundColor>-16777216</backgroundColor>
<lineWidth>1</lineWidth>
<points>
<point x="2438" y="774"/>
<point x="2438" y="909"/>
</points>
</Connector>
<Connector class="oracle.dbtools.crest.swingui.logical.TVRelation" oid="EBE0DC4A-2CAA-7CD9-7EE2-01AF84FDFA24" otype="Relation" vid_source="0DB6C1C3-8681-A551-0328-75381EA97094" vid_target="96CB8B69-F6E1-1A94-DD2E-ACC178AE0DD2">
<hideElementsInCurrentOnly>false</hideElementsInCurrentOnly>
<backgroundColor>-16777216</backgroundColor>
<lineWidth>1</lineWidth>
<points>
<point x="1714" y="1079"/>
<point x="1569" y="974"/>
</points>
</Connector>
<Connector class="oracle.dbtools.crest.swingui.logical.TVRelation" oid="EE1619A7-14B6-4C8A-5DBB-2774B732ED71" otype="Relation" vid_source="9BB69F7E-005D-D150-4BCA-5B055A1BA97A" vid_target="33C6C8C9-469E-94E5-09DB-1775F0964E2A">
<hideElementsInCurrentOnly>false</hideElementsInCurrentOnly>
<backgroundColor>-16777216</backgroundColor>
<lineWidth>1</lineWidth>
<points>
<point x="1326" y="1389"/>
<point x="1326" y="926"/>
</points>
</Connector>
<Connector class="oracle.dbtools.crest.swingui.logical.TVRelation" oid="F5E96FCB-46B9-A23C-BE65-235BCD4360A6" otype="Relation" vid_source="0089DC9A-D850-B289-3CD9-BD92CF98D5BA" vid_target="989E8641-3BCC-4B05-1756-81F293F9FBF8">
<hideElementsInCurrentOnly>false</hideElementsInCurrentOnly>
<backgroundColor>-16777216</backgroundColor>
<lineWidth>1</lineWidth>
<points>
<point x="899" y="989"/>
<point x="2377" y="989"/>
</points>
</Connector>
</connectors>
</Diagram>