<?xml version = '1.0' encoding = 'UTF-8'?>
<Relation class="oracle.dbtools.crest.model.design.logical.Relation" name="Relation_118" directorySegmentName="seg_1" id="5B5E95EA-1AC6-F260-ABC5-10451CB5CA98">
<createdBy>marito</createdBy>
<createdTime>2021-04-13 19:39:04 UTC</createdTime>
<ownerDesignName>Hospital</ownerDesignName>
<engineerTo>
<item key="01B53C2B-8648-5538-36BC-E1D90F267C67" value="true"/>
</engineerTo>
<sourcePk>3C7A8FB5-503E-CE4F-9239-556E00A97717</sourcePk>
<identifying>false</identifying>
<optionalSource>false</optionalSource>
<optionalTarget>false</optionalTarget>
<sourceCardinality>1</sourceCardinality>
<sourceEntity>285A098A-C017-032F-81A1-90DC396C66CC</sourceEntity>
<targetCardinalityString>*</targetCardinalityString>
<targetEntity>BF199317-2AF6-36CE-11EA-E2F671752DAC</targetEntity>
<transferable>true</transferable>
<deleteRule>NO ACTION</deleteRule>
</Relation>