<?xml version = '1.0' encoding = 'UTF-8'?>
<Relation class="oracle.dbtools.crest.model.design.logical.Relation" name="Relation_90" directorySegmentName="seg_1" id="AFF3AF04-C058-68F2-B192-F745B8BA50E6">
<createdBy>mario</createdBy>
<createdTime>2021-04-13 09:49:39 UTC</createdTime>
<ownerDesignName>Hospital</ownerDesignName>
<engineerTo>
<item key="01B53C2B-8648-5538-36BC-E1D90F267C67" value="true"/>
</engineerTo>
<sourcePk>99E154CD-3BA2-697E-7A1D-1BBDA7B81DD4</sourcePk>
<targetPk>0B3A8C5F-498F-A8A8-101E-01D059593315</targetPk>
<identifying>false</identifying>
<optionalSource>false</optionalSource>
<optionalTarget>false</optionalTarget>
<sourceCardinality>1</sourceCardinality>
<sourceEntity>9A2D2465-FC3F-F199-7943-767F0A07A2AC</sourceEntity>
<targetCardinalityString>1</targetCardinalityString>
<targetEntity>B0533428-9653-A175-1B81-9F92BD5C9ABB</targetEntity>
<transferable>true</transferable>
<deleteRule>NO ACTION</deleteRule>
</Relation>